{
    "$schema": "http://schema.management.azure.com/schemas/2015-01-01/deploymentTemplate.json#",
    "contentVersion": "1.0.0.0",
    "parameters": {
        "factoryName": {
            "type": "string",
            "metadata": "Data Factory name",
            "defaultValue": "ADF6528406"
        },
        "AzureSqlDatabase1_password": {
            "type": "secureString",
            "metadata": "Secure string for 'password' of 'AzureSqlDatabase1'"
        },
        "SqlServer3_password": {
            "type": "secureString",
            "metadata": "Secure string for 'password' of 'SqlServer3'"
        },
        "Sftp1_password": {
            "type": "secureString",
            "metadata": "Secure string for 'password' of 'Sftp1'"
        },
        "Odbc1_connectionString": {
            "type": "secureString",
            "metadata": "Secure string for 'connectionString' of 'Odbc1'"
        },
        "Odbc1_password": {
            "type": "secureString",
            "metadata": "Secure string for 'password' of 'Odbc1'"
        },
        "AzureFunction1_functionKey": {
            "type": "secureString",
            "metadata": "Secure string for 'functionKey' of 'AzureFunction1'"
        },
        "Odbc2_connectionString": {
            "type": "secureString",
            "metadata": "Secure string for 'connectionString' of 'Odbc2'"
        },
        "Odbc2_password": {
            "type": "secureString",
            "metadata": "Secure string for 'password' of 'Odbc2'"
        },
        "MySql1_password": {
            "type": "secureString",
            "metadata": "Secure string for 'password' of 'MySql1'"
        },
        "Odbc3_connectionString": {
            "type": "secureString",
            "metadata": "Secure string for 'connectionString' of 'Odbc3'"
        },
        "Odbc3_password": {
            "type": "secureString",
            "metadata": "Secure string for 'password' of 'Odbc3'"
        },
        "AzureBlobStorage1_properties_typeProperties_serviceEndpoint": {
            "type": "string",
            "defaultValue": "https://storage24m64sugljolc.blob.core.windows.net/"
        },
        "AzureSqlDatabase1_properties_typeProperties_server": {
            "type": "string",
            "defaultValue": "10.0.0.4"
        },
        "AzureSqlDatabase1_properties_typeProperties_database": {
            "type": "string",
            "defaultValue": "msdb"
        },
        "AzureSqlDatabase1_properties_typeProperties_userName": {
            "type": "string",
            "defaultValue": "Azureuser1"
        },
        "SqlServer3_properties_typeProperties_server": {
            "type": "string",
            "defaultValue": "10.0.0.4"
        },
        "SqlServer3_properties_typeProperties_database": {
            "type": "string",
            "defaultValue": "msdb"
        },
        "SqlServer3_properties_typeProperties_userName": {
            "type": "string",
            "defaultValue": "Azureuser1"
        },
        "Sftp1_properties_typeProperties_host": {
            "type": "string",
            "defaultValue": "10.1.101"
        },
        "Sftp1_properties_typeProperties_hostKeyFingerprint": {
            "type": "string",
            "defaultValue": "qqq"
        },
        "Sftp1_properties_typeProperties_userName": {
            "type": "string",
            "defaultValue": "aaa"
        },
        "Odbc1_properties_typeProperties_userName": {
            "type": "string",
            "defaultValue": "Azureuser1"
        },
        "AzureFunction1_properties_typeProperties_functionAppUrl": {
            "type": "string",
            "defaultValue": ""
        },
        "AzureBlobStorage3_properties_typeProperties_serviceEndpoint": {
            "type": "string",
            "defaultValue": "https://storage24m64sugljolc.blob.core.windows.net/"
        },
        "Odbc2_properties_typeProperties_userName": {
            "type": "string",
            "defaultValue": "Azureuser1"
        },
        "AzureDataLakeStorage14_properties_typeProperties_url": {
            "type": "string",
            "defaultValue": "https://storage24m64sugljolc.dfs.core.windows.net/"
        },
        "MySql1_properties_typeProperties_server": {
            "type": "string",
            "defaultValue": "trialreproduce.mysql.database.azure.com"
        },
        "MySql1_properties_typeProperties_database": {
            "type": "string",
            "defaultValue": "testdb"
        },
        "MySql1_properties_typeProperties_username": {
            "type": "string",
            "defaultValue": "Azureuser1"
        },
        "Odbc3_properties_typeProperties_userName": {
            "type": "string",
            "defaultValue": "Azureuser1"
        },
        "AzureBlobStoragesql_properties_privateLinkResourceId": {
            "type": "string",
            "defaultValue": "/subscriptions/b09a5171-0177-4af1-b767-30ac9d3faeb2/resourceGroups/ADF_RG_01/providers/Microsoft.Storage/storageAccounts/testinglogs652"
        },
        "AzureBlobStoragesql_properties_groupId": {
            "type": "string",
            "defaultValue": "blob"
        },
        "AzureBlobStoragesql_properties_fqdns": {
            "type": "array",
            "defaultValue": [
                "testinglogs652.blob.core.windows.net"
            ]
        }
    },
    "variables": {
        "factoryId": "[concat('Microsoft.DataFactory/factories/', parameters('factoryName'))]"
    },
    "resources": [
        {
            "name": "[concat(parameters('factoryName'), '/OracleTable2')]",
            "type": "Microsoft.DataFactory/factories/datasets",
            "apiVersion": "2018-06-01",
            "properties": {
                "linkedServiceName": {
                    "referenceName": "Oracle1",
                    "type": "LinkedServiceReference"
                },
                "annotations": [],
                "type": "OracleTable",
                "schema": [],
                "typeProperties": {
                    "schema": "dbo",
                    "table": "djdsj"
                }
            },
            "dependsOn": []
        },
        {
            "name": "[concat(parameters('factoryName'), '/RestResource1')]",
            "type": "Microsoft.DataFactory/factories/datasets",
            "apiVersion": "2018-06-01",
            "properties": {
                "linkedServiceName": {
                    "referenceName": "RestService1",
                    "type": "LinkedServiceReference"
                },
                "annotations": [],
                "type": "RestResource",
                "typeProperties": {},
                "schema": []
            },
            "dependsOn": []
        },
        {
            "name": "[concat(parameters('factoryName'), '/Parquet2')]",
            "type": "Microsoft.DataFactory/factories/datasets",
            "apiVersion": "2018-06-01",
            "properties": {
                "linkedServiceName": {
                    "referenceName": "FileServer1",
                    "type": "LinkedServiceReference"
                },
                "annotations": [],
                "type": "Parquet",
                "typeProperties": {
                    "location": {
                        "type": "FileServerLocation"
                    },
                    "compressionCodec": "snappy"
                },
                "schema": []
            },
            "dependsOn": []
        },
        {
            "name": "[concat(parameters('factoryName'), '/TeradataTable1')]",
            "type": "Microsoft.DataFactory/factories/datasets",
            "apiVersion": "2018-06-01",
            "properties": {
                "linkedServiceName": {
                    "referenceName": "Teradata1",
                    "type": "LinkedServiceReference"
                },
                "annotations": [],
                "type": "TeradataTable",
                "schema": [],
                "typeProperties": {}
            },
            "dependsOn": []
        },
        {
            "name": "[concat(parameters('factoryName'), '/DelimitedText4')]",
            "type": "Microsoft.DataFactory/factories/datasets",
            "apiVersion": "2018-06-01",
            "properties": {
                "linkedServiceName": {
                    "referenceName": "AzureBlobStorage2",
                    "type": "LinkedServiceReference"
                },
                "annotations": [],
                "type": "DelimitedText",
                "typeProperties": {
                    "location": {
                        "type": "AzureBlobStorageLocation",
                        "fileName": "newuser",
                        "folderPath": "mysql",
                        "container": "adf"
                    },
                    "columnDelimiter": ",",
                    "escapeChar": "\\",
                    "firstRowAsHeader": true,
                    "quoteChar": "\""
                },
                "schema": []
            },
            "dependsOn": []
        },
        {
            "name": "[concat(parameters('factoryName'), '/Json1')]",
            "type": "Microsoft.DataFactory/factories/datasets",
            "apiVersion": "2018-06-01",
            "properties": {
                "linkedServiceName": {
                    "referenceName": "AzureBlobStorage2",
                    "type": "LinkedServiceReference"
                },
                "annotations": [],
                "type": "Json",
                "typeProperties": {
                    "location": {
                        "type": "AzureBlobStorageLocation",
                        "fileName": "non_perils_raw.json",
                        "folderPath": "mongodb",
                        "container": "adf"
                    }
                },
                "schema": {
                    "type": "object",
                    "properties": {
                        "_id": {
                            "type": "string"
                        },
                        "DocumentKeyHash": {
                            "type": "string"
                        },
                        "DocumentSortOrder": {
                            "type": "integer"
                        },
                        "DocumentType": {
                            "type": "string"
                        },
                        "Document_Create_Batch_Id": {
                            "type": "integer"
                        },
                        "Document_Last_Update_Batch_Id": {
                            "type": "integer"
                        },
                        "GNAF_ADOR_Id": {
                            "type": "string"
                        },
                        "Non_Perils": {
                            "type": "array",
                            "items": {
                                "type": "object",
                                "properties": {
                                    "_id": {
                                        "type": "object",
                                        "properties": {
                                            "Group": {
                                                "type": "string"
                                            },
                                            "Type": {
                                                "type": "string"
                                            },
                                            "Value": {
                                                "type": "string"
                                            }
                                        }
                                    },
                                    "_id_1_1_1_Source_From_Date_2020-10-20T00:00:00.000Z_Effective_Date_2020-10-20T00:00:00.000Z_Expiry_Date_2020-11-12T23:59:59.000Z_Created_Date_2020-11-12T23:59:59.000Z_Last_Update_Date_2020-11-08T23:59:59.000Z_Status_active_Create_Batch_Id_3_Update_Batch_Id_5": {
                                        "type": "object",
                                        "properties": {
                                            "_id_Source_From_Date": {
                                                "type": "string"
                                            },
                                            "_id_Effective_Date": {
                                                "type": "string"
                                            },
                                            "_id_Expiry_Date": {
                                                "type": "string"
                                            },
                                            "_id_Created_Date": {
                                                "type": "string"
                                            },
                                            "_id_Last_Update_Date": {
                                                "type": "string"
                                            },
                                            "_id_Status": {
                                                "type": "string"
                                            },
                                            "_id_Create_Batch_Id": {
                                                "type": "integer"
                                            },
                                            "_id_Update_Batch_Id": {
                                                "type": "integer"
                                            }
                                        }
                                    }
                                }
                            }
                        }
                    }
                }
            },
            "dependsOn": []
        },
        {
            "name": "[concat(parameters('factoryName'), '/managedIR')]",
            "type": "Microsoft.DataFactory/factories/integrationRuntimes",
            "apiVersion": "2018-06-01",
            "properties": {
                "type": "Managed",
                "typeProperties": {
                    "computeProperties": {
                        "location": "AutoResolve",
                        "dataFlowProperties": {
                            "computeType": "General",
                            "coreCount": 8,
                            "timeToLive": 10,
                            "cleanup": false,
                            "customProperties": []
                        },
                        "pipelineExternalComputeScaleProperties": {
                            "timeToLive": 60,
                            "numberOfPipelineNodes": 1,
                            "numberOfExternalNodes": 1
                        }
                    }
                },
                "managedVirtualNetwork": {
                    "type": "ManagedVirtualNetworkReference",
                    "referenceName": "default"
                }
            },
            "dependsOn": []
        },
        {
            "name": "[concat(parameters('factoryName'), '/AzureBlobStorage1')]",
            "type": "Microsoft.DataFactory/factories/linkedServices",
            "apiVersion": "2018-06-01",
            "properties": {
                "annotations": [],
                "type": "AzureBlobStorage",
                "typeProperties": {
                    "serviceEndpoint": "[parameters('AzureBlobStorage1_properties_typeProperties_serviceEndpoint')]",
                    "accountKind": "StorageV2",
                    "credential": {
                        "referenceName": "credential2",
                        "type": "CredentialReference"
                    }
                }
            },
            "dependsOn": []
        },
        {
            "name": "[concat(parameters('factoryName'), '/AzureSqlDatabase1')]",
            "type": "Microsoft.DataFactory/factories/linkedServices",
            "apiVersion": "2018-06-01",
            "properties": {
                "annotations": [],
                "type": "AzureSqlDatabase",
                "typeProperties": {
                    "server": "[parameters('AzureSqlDatabase1_properties_typeProperties_server')]",
                    "database": "[parameters('AzureSqlDatabase1_properties_typeProperties_database')]",
                    "encrypt": "True",
                    "trustServerCertificate": true,
                    "authenticationType": "SQL",
                    "userName": "[parameters('AzureSqlDatabase1_properties_typeProperties_userName')]",
                    "password": {
                        "type": "SecureString",
                        "value": "[parameters('AzureSqlDatabase1_password')]"
                    }
                },
                "connectVia": {
                    "referenceName": "SHIRsql",
                    "type": "IntegrationRuntimeReference"
                }
            },
            "dependsOn": []
        },
        {
            "name": "[concat(parameters('factoryName'), '/SqlServer3')]",
            "type": "Microsoft.DataFactory/factories/linkedServices",
            "apiVersion": "2018-06-01",
            "properties": {
                "annotations": [],
                "type": "SqlServer",
                "typeProperties": {
                    "server": "[parameters('SqlServer3_properties_typeProperties_server')]",
                    "database": "[parameters('SqlServer3_properties_typeProperties_database')]",
                    "encrypt": "mandatory",
                    "trustServerCertificate": true,
                    "authenticationType": "SQL",
                    "userName": "[parameters('SqlServer3_properties_typeProperties_userName')]",
                    "password": {
                        "type": "SecureString",
                        "value": "[parameters('SqlServer3_password')]"
                    }
                },
                "connectVia": {
                    "referenceName": "SHIRsql",
                    "type": "IntegrationRuntimeReference"
                }
            },
            "dependsOn": []
        },
        {
            "name": "[concat(parameters('factoryName'), '/Sftp1')]",
            "type": "Microsoft.DataFactory/factories/linkedServices",
            "apiVersion": "2018-06-01",
            "properties": {
                "annotations": [],
                "type": "Sftp",
                "typeProperties": {
                    "host": "[parameters('Sftp1_properties_typeProperties_host')]",
                    "port": 22,
                    "skipHostKeyValidation": false,
                    "hostKeyFingerprint": "[parameters('Sftp1_properties_typeProperties_hostKeyFingerprint')]",
                    "authenticationType": "Basic",
                    "userName": "[parameters('Sftp1_properties_typeProperties_userName')]",
                    "password": {
                        "type": "SecureString",
                        "value": "[parameters('Sftp1_password')]"
                    }
                },
                "connectVia": {
                    "referenceName": "SHIRsql",
                    "type": "IntegrationRuntimeReference"
                }
            },
            "dependsOn": []
        },
        {
            "name": "[concat(parameters('factoryName'), '/Odbc1')]",
            "type": "Microsoft.DataFactory/factories/linkedServices",
            "apiVersion": "2018-06-01",
            "properties": {
                "annotations": [],
                "type": "Odbc",
                "typeProperties": {
                    "connectionString": {
                        "type": "SecureString",
                        "value": "[parameters('Odbc1_connectionString')]"
                    },
                    "authenticationType": "Basic",
                    "userName": "[parameters('Odbc1_properties_typeProperties_userName')]",
                    "password": {
                        "type": "SecureString",
                        "value": "[parameters('Odbc1_password')]"
                    }
                },
                "connectVia": {
                    "referenceName": "SHIRsql",
                    "type": "IntegrationRuntimeReference"
                }
            },
            "dependsOn": []
        },
        {
            "name": "[concat(parameters('factoryName'), '/AzureFunction1')]",
            "type": "Microsoft.DataFactory/factories/linkedServices",
            "apiVersion": "2018-06-01",
            "properties": {
                "annotations": [],
                "type": "AzureFunction",
                "typeProperties": {
                    "functionAppUrl": "[parameters('AzureFunction1_properties_typeProperties_functionAppUrl')]",
                    "authentication": "Anonymous",
                    "functionKey": {
                        "type": "SecureString",
                        "value": "[parameters('AzureFunction1_functionKey')]"
                    }
                },
                "connectVia": {
                    "referenceName": "SHIRsql",
                    "type": "IntegrationRuntimeReference"
                }
            },
            "dependsOn": []
        },
        {
            "name": "[concat(parameters('factoryName'), '/AzureBlobStorage3')]",
            "type": "Microsoft.DataFactory/factories/linkedServices",
            "apiVersion": "2018-06-01",
            "properties": {
                "annotations": [],
                "type": "AzureBlobStorage",
                "typeProperties": {
                    "serviceEndpoint": "[parameters('AzureBlobStorage3_properties_typeProperties_serviceEndpoint')]",
                    "accountKind": "StorageV2"
                },
                "connectVia": {
                    "referenceName": "SHIRsql",
                    "type": "IntegrationRuntimeReference"
                }
            },
            "dependsOn": []
        },
        {
            "name": "[concat(parameters('factoryName'), '/Odbc2')]",
            "type": "Microsoft.DataFactory/factories/linkedServices",
            "apiVersion": "2018-06-01",
            "properties": {
                "annotations": [],
                "type": "Odbc",
                "typeProperties": {
                    "connectionString": {
                        "type": "SecureString",
                        "value": "[parameters('Odbc2_connectionString')]"
                    },
                    "authenticationType": "Basic",
                    "userName": "[parameters('Odbc2_properties_typeProperties_userName')]",
                    "password": {
                        "type": "SecureString",
                        "value": "[parameters('Odbc2_password')]"
                    }
                },
                "connectVia": {
                    "referenceName": "SHIRsql",
                    "type": "IntegrationRuntimeReference"
                }
            },
            "dependsOn": []
        },
        {
            "name": "[concat(parameters('factoryName'), '/AzureDataLakeStorage14')]",
            "type": "Microsoft.DataFactory/factories/linkedServices",
            "apiVersion": "2018-06-01",
            "properties": {
                "annotations": [],
                "type": "AzureBlobFS",
                "typeProperties": {
                    "url": "[parameters('AzureDataLakeStorage14_properties_typeProperties_url')]",
                    "credential": {
                        "referenceName": "credential1",
                        "type": "CredentialReference"
                    }
                }
            },
            "dependsOn": []
        },
        {
            "name": "[concat(parameters('factoryName'), '/MySql1')]",
            "type": "Microsoft.DataFactory/factories/linkedServices",
            "apiVersion": "2018-06-01",
            "properties": {
                "annotations": [],
                "type": "MySql",
                "typeProperties": {
                    "server": "[parameters('MySql1_properties_typeProperties_server')]",
                    "port": 3306,
                    "database": "[parameters('MySql1_properties_typeProperties_database')]",
                    "username": "[parameters('MySql1_properties_typeProperties_username')]",
                    "sslMode": 1,
                    "useSystemTrustStore": 0,
                    "password": {
                        "type": "SecureString",
                        "value": "[parameters('MySql1_password')]"
                    },
                    "driverVersion": "v2"
                },
                "connectVia": {
                    "referenceName": "SHIRsql",
                    "type": "IntegrationRuntimeReference"
                }
            },
            "dependsOn": []
        },
        {
            "name": "[concat(parameters('factoryName'), '/Odbc3')]",
            "type": "Microsoft.DataFactory/factories/linkedServices",
            "apiVersion": "2018-06-01",
            "properties": {
                "description": "Driver={SQL Server};Server=Server.database.windows.net; Database=TestDatabase;",
                "annotations": [],
                "type": "Odbc",
                "typeProperties": {
                    "connectionString": {
                        "type": "SecureString",
                        "value": "[parameters('Odbc3_connectionString')]"
                    },
                    "authenticationType": "Basic",
                    "userName": "[parameters('Odbc3_properties_typeProperties_userName')]",
                    "password": {
                        "type": "SecureString",
                        "value": "[parameters('Odbc3_password')]"
                    }
                },
                "connectVia": {
                    "referenceName": "SHIRsql",
                    "type": "IntegrationRuntimeReference"
                }
            },
            "dependsOn": []
        },
        {
            "name": "[concat(parameters('factoryName'), '/pipeline5')]",
            "type": "Microsoft.DataFactory/factories/pipelines",
            "apiVersion": "2018-06-01",
            "properties": {
                "activities": [
                    {
                        "name": "If Condition1",
                        "type": "IfCondition",
                        "state": "Inactive",
                        "onInactiveMarkAs": "Succeeded",
                        "dependsOn": [
                            {
                                "activity": "Set variable1",
                                "dependencyConditions": [
                                    "Succeeded"
                                ]
                            }
                        ],
                        "userProperties": [],
                        "typeProperties": {
                            "expression": {
                                "value": "@empty(variables('NextMarker'))",
                                "type": "Expression"
                            },
                            "ifFalseActivities": [
                                {
                                    "name": "Wait1",
                                    "type": "Wait",
                                    "dependsOn": [],
                                    "userProperties": [],
                                    "typeProperties": {
                                        "waitTimeInSeconds": 1
                                    }
                                }
                            ]
                        }
                    },
                    {
                        "name": "Set variable1",
                        "type": "SetVariable",
                        "state": "Inactive",
                        "onInactiveMarkAs": "Succeeded",
                        "dependsOn": [],
                        "policy": {
                            "secureOutput": false,
                            "secureInput": false
                        },
                        "userProperties": [],
                        "typeProperties": {
                            "variableName": "NextMarker",
                            "value": {
                                "value": "SliceStartTime datetime = N'@{pipeline().parameters.SliceStartTime}'",
                                "type": "Expression"
                            }
                        }
                    },
                    {
                        "name": "Execute Pipeline1",
                        "type": "ExecutePipeline",
                        "state": "Inactive",
                        "onInactiveMarkAs": "Succeeded",
                        "dependsOn": [
                            {
                                "activity": "If Condition1",
                                "dependencyConditions": [
                                    "Succeeded"
                                ]
                            }
                        ],
                        "policy": {
                            "secureInput": false
                        },
                        "userProperties": [],
                        "typeProperties": {
                            "pipeline": {
                                "referenceName": "pipeline6",
                                "type": "PipelineReference"
                            },
                            "waitOnCompletion": true,
                            "parameters": {
                                "CName": {
                                    "value": "@pipeline().parameters.ContainerName",
                                    "type": "Expression"
                                }
                            }
                        }
                    },
                    {
                        "name": "FilePathList111",
                        "type": "SetVariable",
                        "dependsOn": [],
                        "policy": {
                            "secureOutput": false,
                            "secureInput": false
                        },
                        "userProperties": [],
                        "typeProperties": {
                            "variableName": "FilePathList",
                            "value": [
                                {
                                    "value": "path/to/file1.csv"
                                },
                                {
                                    "value": "path/to/file2.csv"
                                },
                                {
                                    "value": "path/to/file3.csv"
                                },
                                {
                                    "value": 123
                                }
                            ]
                        }
                    },
                    {
                        "name": "ForEach1",
                        "type": "ForEach",
                        "dependsOn": [
                            {
                                "activity": "FilePathList111",
                                "dependencyConditions": [
                                    "Succeeded"
                                ]
                            }
                        ],
                        "userProperties": [],
                        "typeProperties": {
                            "items": {
                                "value": "@variables('FilePathList')",
                                "type": "Expression"
                            },
                            "isSequential": false,
                            "activities": [
                                {
                                    "name": "Execute Pipeline2",
                                    "type": "ExecutePipeline",
                                    "dependsOn": [],
                                    "policy": {
                                        "secureInput": false
                                    },
                                    "userProperties": [],
                                    "typeProperties": {
                                        "pipeline": {
                                            "referenceName": "pipeline6",
                                            "type": "PipelineReference"
                                        },
                                        "waitOnCompletion": true,
                                        "parameters": {
                                            "CName": {
                                                "value": "@item().value",
                                                "type": "Expression"
                                            }
                                        }
                                    }
                                },
                                {
                                    "name": "Set variable2",
                                    "type": "SetVariable",
                                    "state": "Inactive",
                                    "onInactiveMarkAs": "Succeeded",
                                    "dependsOn": [],
                                    "policy": {
                                        "secureOutput": false,
                                        "secureInput": false
                                    },
                                    "userProperties": [],
                                    "typeProperties": {
                                        "variableName": "fpl",
                                        "value": {
                                            "value": "@item()",
                                            "type": "Expression"
                                        }
                                    }
                                }
                            ]
                        }
                    }
                ],
                "policy": {
                    "elapsedTimeMetric": {}
                },
                "parameters": {
                    "ContainerName": {
                        "type": "string"
                    },
                    "SliceStartTime": {
                        "type": "string",
                        "defaultValue": "2022-11-15T19:31:11Z"
                    }
                },
                "variables": {
                    "NextMarker": {
                        "type": "String"
                    },
                    "fpl": {
                        "type": "String"
                    },
                    "FilePathList": {
                        "type": "Array"
                    }
                },
                "annotations": [],
                "lastPublishTime": "2025-07-07T05:57:57Z"
            },
            "dependsOn": []
        },
        {
            "name": "[concat(parameters('factoryName'), '/default/AzureBlobStoragesql')]",
            "type": "Microsoft.DataFactory/factories/managedVirtualNetworks/managedPrivateEndpoints",
            "apiVersion": "2018-06-01",
            "properties": {
                "privateLinkResourceId": "[parameters('AzureBlobStoragesql_properties_privateLinkResourceId')]",
                "groupId": "[parameters('AzureBlobStoragesql_properties_groupId')]",
                "fqdns": "[parameters('AzureBlobStoragesql_properties_fqdns')]"
            },
            "dependsOn": []
        }
    ]
}