{
    "$schema": "http://schema.management.azure.com/schemas/2015-01-01/deploymentTemplate.json#",
    "contentVersion": "1.0.0.0",
    "parameters": {
        "factoryName": {
            "type": "string",
            "metadata": "Data Factory name",
            "defaultValue": "ADF6528406"
        },
        "AzureBatch1_accessKey": {
            "type": "secureString",
            "metadata": "Secure string for 'accessKey' of 'AzureBatch1'"
        },
        "AzureSqlDatabase2_password": {
            "type": "secureString",
            "metadata": "Secure string for 'password' of 'AzureSqlDatabase2'"
        },
        "SqlServer1_password": {
            "type": "secureString",
            "metadata": "Secure string for 'password' of 'SqlServer1'"
        },
        "SqlServer2_password": {
            "type": "secureString",
            "metadata": "Secure string for 'password' of 'SqlServer2'"
        },
        "AzureBatch1_properties_typeProperties_batchUri": {
            "type": "string",
            "defaultValue": "aaaaaaaaaaa"
        },
        "AzureBatch1_properties_typeProperties_poolName": {
            "type": "string",
            "defaultValue": "aaaaaaaa"
        },
        "AzureBatch1_properties_typeProperties_accountName": {
            "type": "string",
            "defaultValue": "aaaaa"
        },
        "AzureSqlDatabase2_properties_typeProperties_server": {
            "type": "string",
            "defaultValue": "mysqlserver6528406.database.windows.net"
        },
        "AzureSqlDatabase2_properties_typeProperties_database": {
            "type": "string",
            "defaultValue": "ADF_SQL_6528406"
        },
        "AzureSqlDatabase2_properties_typeProperties_userName": {
            "type": "string",
            "defaultValue": "Azureuser1"
        },
        "SqlServer1_properties_typeProperties_server": {
            "type": "string",
            "defaultValue": "tcp:mysqlserver6528406.database.windows.net,1433"
        },
        "SqlServer1_properties_typeProperties_database": {
            "type": "string",
            "defaultValue": "ADF_SQL_6528406"
        },
        "SqlServer1_properties_typeProperties_userName": {
            "type": "string",
            "defaultValue": "Azureuser1"
        },
        "SqlServer2_properties_typeProperties_server": {
            "type": "string",
            "defaultValue": "123.10.10.1,1433"
        },
        "SqlServer2_properties_typeProperties_database": {
            "type": "string",
            "defaultValue": "ADF_SQL_6528406"
        },
        "SqlServer2_properties_typeProperties_userName": {
            "type": "string",
            "defaultValue": "Azureuser1"
        },
        "Hive1_properties_typeProperties_host": {
            "type": "string",
            "defaultValue": "dvfbgnhmjmhnbfvca"
        },
        "Hive2_properties_typeProperties_host": {
            "type": "string",
            "defaultValue": "dvfbgnhmjmhnbfvca"
        }
    },
    "variables": {
        "factoryId": "[concat('Microsoft.DataFactory/factories/', parameters('factoryName'))]"
    },
    "resources": [
        {
            "name": "[concat(parameters('factoryName'), '/ds_sink_binary_blob')]",
            "type": "Microsoft.DataFactory/factories/datasets",
            "apiVersion": "2018-06-01",
            "properties": {
                "linkedServiceName": {
                    "referenceName": "AzureBlobStorage1",
                    "type": "LinkedServiceReference"
                },
                "annotations": [],
                "type": "Binary",
                "typeProperties": {
                    "location": {
                        "type": "AzureBlobStorageLocation",
                        "fileName": "test2",
                        "folderPath": "output",
                        "container": "datafactory"
                    }
                }
            },
            "dependsOn": []
        },
        {
            "name": "[concat(parameters('factoryName'), '/ds_source_binary_blob')]",
            "type": "Microsoft.DataFactory/factories/datasets",
            "apiVersion": "2018-06-01",
            "properties": {
                "linkedServiceName": {
                    "referenceName": "AzureBlobStorage1",
                    "type": "LinkedServiceReference"
                },
                "parameters": {
                    "fileN": {
                        "type": "string"
                    }
                },
                "annotations": [],
                "type": "Binary",
                "typeProperties": {
                    "location": {
                        "type": "AzureBlobStorageLocation",
                        "fileName": {
                            "value": "@dataset().fileN",
                            "type": "Expression"
                        },
                        "container": "datafactory"
                    }
                }
            },
            "dependsOn": []
        },
        {
            "name": "[concat(parameters('factoryName'), '/ds_sink_csv_blob')]",
            "type": "Microsoft.DataFactory/factories/datasets",
            "apiVersion": "2018-06-01",
            "properties": {
                "linkedServiceName": {
                    "referenceName": "AzureBlobStorage1",
                    "type": "LinkedServiceReference"
                },
                "parameters": {
                    "filename": {
                        "type": "string"
                    }
                },
                "annotations": [],
                "type": "DelimitedText",
                "typeProperties": {
                    "location": {
                        "type": "AzureBlobStorageLocation",
                        "fileName": {
                            "value": "@dataset().filename",
                            "type": "Expression"
                        },
                        "folderPath": "output",
                        "container": "datafactory"
                    },
                    "columnDelimiter": ",",
                    "escapeChar": "\\",
                    "firstRowAsHeader": true,
                    "quoteChar": "\""
                },
                "schema": [
                    {
                        "name": "movies",
                        "type": "String"
                    },
                    {
                        "name": "Title",
                        "type": "String"
                    },
                    {
                        "name": "genresgenregenre",
                        "type": "String"
                    },
                    {
                        "name": "YEAR",
                        "type": "String"
                    },
                    {
                        "name": "Rating",
                        "type": "String"
                    }
                ]
            },
            "dependsOn": []
        },
        {
            "name": "[concat(parameters('factoryName'), '/ds_source_csv_blob')]",
            "type": "Microsoft.DataFactory/factories/datasets",
            "apiVersion": "2018-06-01",
            "properties": {
                "linkedServiceName": {
                    "referenceName": "AzureBlobStorage1",
                    "type": "LinkedServiceReference"
                },
                "annotations": [],
                "type": "DelimitedText",
                "typeProperties": {
                    "location": {
                        "type": "AzureBlobStorageLocation",
                        "fileName": "moviesDB2.csv",
                        "folderPath": "input",
                        "container": "datafactory"
                    },
                    "columnDelimiter": ",",
                    "escapeChar": "\\",
                    "firstRowAsHeader": true,
                    "quoteChar": "\""
                },
                "schema": [
                    {
                        "name": "movies",
                        "type": "String"
                    },
                    {
                        "name": "Title",
                        "type": "String"
                    },
                    {
                        "name": "genresgenregenre",
                        "type": "String"
                    },
                    {
                        "name": "YEAR",
                        "type": "String"
                    },
                    {
                        "name": "Rating",
                        "type": "String"
                    }
                ]
            },
            "dependsOn": []
        },
        {
            "name": "[concat(parameters('factoryName'), '/AzureSqlTable1')]",
            "type": "Microsoft.DataFactory/factories/datasets",
            "apiVersion": "2018-06-01",
            "properties": {
                "linkedServiceName": {
                    "referenceName": "AzureSqlDatabase1",
                    "type": "LinkedServiceReference"
                },
                "annotations": [],
                "type": "AzureSqlTable",
                "schema": [],
                "typeProperties": {
                    "schema": "dbo",
                    "table": "testmysql"
                }
            },
            "dependsOn": []
        },
        {
            "name": "[concat(parameters('factoryName'), '/OdbcTable1')]",
            "type": "Microsoft.DataFactory/factories/datasets",
            "apiVersion": "2018-06-01",
            "properties": {
                "linkedServiceName": {
                    "referenceName": "Odbc1",
                    "type": "LinkedServiceReference"
                },
                "annotations": [],
                "type": "OdbcTable",
                "schema": [],
                "typeProperties": {
                    "tableName": "\"INFORMATION_SCHEMA\".\"PARAMETERS\""
                }
            },
            "dependsOn": []
        },
        {
            "name": "[concat(parameters('factoryName'), '/MySqlTable1')]",
            "type": "Microsoft.DataFactory/factories/datasets",
            "apiVersion": "2018-06-01",
            "properties": {
                "linkedServiceName": {
                    "referenceName": "MySql1",
                    "type": "LinkedServiceReference"
                },
                "annotations": [],
                "type": "MySqlTable",
                "schema": [],
                "typeProperties": {
                    "tableName": "`dummy_table`"
                }
            },
            "dependsOn": []
        },
        {
            "name": "[concat(parameters('factoryName'), '/OdbcTable2')]",
            "type": "Microsoft.DataFactory/factories/datasets",
            "apiVersion": "2018-06-01",
            "properties": {
                "linkedServiceName": {
                    "referenceName": "Odbc3",
                    "type": "LinkedServiceReference"
                },
                "annotations": [],
                "type": "OdbcTable",
                "schema": [],
                "typeProperties": {
                    "tableName": "`users`"
                }
            },
            "dependsOn": []
        },
        {
            "name": "[concat(parameters('factoryName'), '/OdbcTable3')]",
            "type": "Microsoft.DataFactory/factories/datasets",
            "apiVersion": "2018-06-01",
            "properties": {
                "linkedServiceName": {
                    "referenceName": "Odbc3",
                    "type": "LinkedServiceReference"
                },
                "annotations": [],
                "type": "OdbcTable",
                "schema": [],
                "typeProperties": {
                    "tableName": "`dummy_table`"
                }
            },
            "dependsOn": []
        },
        {
            "name": "[concat(parameters('factoryName'), '/triggerscheduletest')]",
            "type": "Microsoft.DataFactory/factories/triggers",
            "apiVersion": "2018-06-01",
            "properties": {
                "annotations": [],
                "runtimeState": "Stopped",
                "pipelines": [
                    {
                        "pipelineReference": {
                            "referenceName": "pipeline5",
                            "type": "PipelineReference"
                        },
                        "parameters": {}
                    }
                ],
                "type": "ScheduleTrigger",
                "typeProperties": {
                    "recurrence": {
                        "frequency": "Day",
                        "interval": 1,
                        "startTime": "2025-05-29T01:43:00",
                        "timeZone": "Singapore Standard Time",
                        "schedule": {
                            "minutes": [
                                49
                            ],
                            "hours": [
                                9
                            ]
                        }
                    }
                }
            },
            "dependsOn": []
        },
        {
            "name": "[concat(parameters('factoryName'), '/AzureBatch1')]",
            "type": "Microsoft.DataFactory/factories/linkedServices",
            "apiVersion": "2018-06-01",
            "properties": {
                "annotations": [],
                "type": "AzureBatch",
                "typeProperties": {
                    "batchUri": "[parameters('AzureBatch1_properties_typeProperties_batchUri')]",
                    "poolName": "[parameters('AzureBatch1_properties_typeProperties_poolName')]",
                    "accountName": "[parameters('AzureBatch1_properties_typeProperties_accountName')]",
                    "linkedServiceName": {
                        "referenceName": "AzureBlobStorage1",
                        "type": "LinkedServiceReference"
                    },
                    "accessKey": {
                        "type": "SecureString",
                        "value": "[parameters('AzureBatch1_accessKey')]"
                    }
                }
            },
            "dependsOn": []
        },
        {
            "name": "[concat(parameters('factoryName'), '/AzureSqlDatabase2')]",
            "type": "Microsoft.DataFactory/factories/linkedServices",
            "apiVersion": "2018-06-01",
            "properties": {
                "annotations": [],
                "type": "AzureSqlDatabase",
                "typeProperties": {
                    "server": "[parameters('AzureSqlDatabase2_properties_typeProperties_server')]",
                    "database": "[parameters('AzureSqlDatabase2_properties_typeProperties_database')]",
                    "encrypt": "mandatory",
                    "trustServerCertificate": false,
                    "authenticationType": "SQL",
                    "userName": "[parameters('AzureSqlDatabase2_properties_typeProperties_userName')]",
                    "password": {
                        "type": "SecureString",
                        "value": "[parameters('AzureSqlDatabase2_password')]"
                    }
                },
                "connectVia": {
                    "referenceName": "managedIR",
                    "type": "IntegrationRuntimeReference"
                }
            },
            "dependsOn": []
        },
        {
            "name": "[concat(parameters('factoryName'), '/SqlServer1')]",
            "type": "Microsoft.DataFactory/factories/linkedServices",
            "apiVersion": "2018-06-01",
            "properties": {
                "annotations": [],
                "type": "SqlServer",
                "typeProperties": {
                    "server": "[parameters('SqlServer1_properties_typeProperties_server')]",
                    "database": "[parameters('SqlServer1_properties_typeProperties_database')]",
                    "encrypt": "mandatory",
                    "trustServerCertificate": true,
                    "authenticationType": "SQL",
                    "userName": "[parameters('SqlServer1_properties_typeProperties_userName')]",
                    "password": {
                        "type": "SecureString",
                        "value": "[parameters('SqlServer1_password')]"
                    }
                },
                "connectVia": {
                    "referenceName": "managedIR",
                    "type": "IntegrationRuntimeReference"
                }
            },
            "dependsOn": []
        },
        {
            "name": "[concat(parameters('factoryName'), '/SqlServer2')]",
            "type": "Microsoft.DataFactory/factories/linkedServices",
            "apiVersion": "2018-06-01",
            "properties": {
                "annotations": [],
                "type": "SqlServer",
                "typeProperties": {
                    "server": "[parameters('SqlServer2_properties_typeProperties_server')]",
                    "database": "[parameters('SqlServer2_properties_typeProperties_database')]",
                    "encrypt": "mandatory",
                    "trustServerCertificate": false,
                    "authenticationType": "SQL",
                    "userName": "[parameters('SqlServer2_properties_typeProperties_userName')]",
                    "password": {
                        "type": "SecureString",
                        "value": "[parameters('SqlServer2_password')]"
                    }
                },
                "connectVia": {
                    "referenceName": "managedIR",
                    "type": "IntegrationRuntimeReference"
                }
            },
            "dependsOn": []
        },
        {
            "name": "[concat(parameters('factoryName'), '/Hive1')]",
            "type": "Microsoft.DataFactory/factories/linkedServices",
            "apiVersion": "2018-06-01",
            "properties": {
                "annotations": [],
                "type": "Hive",
                "typeProperties": {
                    "host": "[parameters('Hive1_properties_typeProperties_host')]",
                    "port": 443,
                    "serverType": "HiveServer1",
                    "thriftTransportProtocol": "SASL",
                    "authenticationType": "Anonymous",
                    "enableSsl": false,
                    "storageReference": {
                        "referenceName": "AzureBlobStorage1",
                        "type": "LinkedServiceReference"
                    },
                    "password": false,
                    "serviceDiscoveryMode": false,
                    "useNativeQuery": false
                }
            },
            "dependsOn": []
        },
        {
            "name": "[concat(parameters('factoryName'), '/Hive2')]",
            "type": "Microsoft.DataFactory/factories/linkedServices",
            "apiVersion": "2018-06-01",
            "properties": {
                "annotations": [],
                "type": "Hive",
                "version": "2.0",
                "typeProperties": {
                    "host": "[parameters('Hive2_properties_typeProperties_host')]",
                    "port": 443,
                    "serverType": "HiveServer1",
                    "thriftTransportProtocol": "SASL",
                    "authenticationType": "Anonymous",
                    "httpPath": "azcSDVFBG",
                    "enableSsl": false,
                    "storageReference": {
                        "referenceName": "AzureBlobStorage1",
                        "type": "LinkedServiceReference"
                    },
                    "password": false
                }
            },
            "dependsOn": []
        },
        {
            "name": "[concat(parameters('factoryName'), '/pipeline9')]",
            "type": "Microsoft.DataFactory/factories/pipelines",
            "apiVersion": "2018-06-01",
            "properties": {
                "activities": [
                    {
                        "name": "Copy data1",
                        "type": "Copy",
                        "dependsOn": [],
                        "policy": {
                            "timeout": "0.12:00:00",
                            "retry": 0,
                            "retryIntervalInSeconds": 30,
                            "secureOutput": false,
                            "secureInput": false
                        },
                        "userProperties": [],
                        "typeProperties": {
                            "source": {
                                "type": "ServiceNowV2Source",
                                "expression": {
                                    "type": "Nary",
                                    "operators": [
                                        "NQ"
                                    ],
                                    "operands": [
                                        {
                                            "type": "Nary",
                                            "operators": [
                                                ">="
                                            ],
                                            "operands": [
                                                {
                                                    "type": "Field",
                                                    "value": "sys1"
                                                },
                                                {
                                                    "type": "Constant",
                                                    "value": {
                                                        "value": "@formatDateTime(utcNow())",
                                                        "type": "Expression"
                                                    }
                                                }
                                            ]
                                        },
                                        {
                                            "type": "Nary",
                                            "operators": [
                                                "<="
                                            ],
                                            "operands": [
                                                {
                                                    "type": "Field",
                                                    "value": "sys2"
                                                },
                                                {
                                                    "type": "Constant",
                                                    "value": {
                                                        "value": "@formatDateTime(utcNow())",
                                                        "type": "Expression"
                                                    }
                                                }
                                            ]
                                        }
                                    ]
                                },
                                "pageSize": 300
                            },
                            "sink": {
                                "type": "DelimitedTextSink",
                                "storeSettings": {
                                    "type": "AzureBlobFSWriteSettings"
                                },
                                "formatSettings": {
                                    "type": "DelimitedTextWriteSettings",
                                    "quoteAllText": true,
                                    "fileExtension": ".txt"
                                }
                            },
                            "enableStaging": false
                        },
                        "inputs": [
                            {
                                "referenceName": "ServiceNowObject1",
                                "type": "DatasetReference",
                                "parameters": {}
                            }
                        ],
                        "outputs": [
                            {
                                "referenceName": "DelimitedText1",
                                "type": "DatasetReference",
                                "parameters": {}
                            }
                        ]
                    }
                ],
                "policy": {
                    "elapsedTimeMetric": {}
                },
                "annotations": [],
                "lastPublishTime": "2025-07-22T03:32:24Z"
            },
            "dependsOn": []
        },
        {
            "name": "[concat(parameters('factoryName'), '/pipeline14')]",
            "type": "Microsoft.DataFactory/factories/pipelines",
            "apiVersion": "2018-06-01",
            "properties": {
                "activities": [
                    {
                        "name": "Copy data1",
                        "type": "Copy",
                        "dependsOn": [],
                        "policy": {
                            "timeout": "0.12:00:00",
                            "retry": 0,
                            "retryIntervalInSeconds": 30,
                            "secureOutput": false,
                            "secureInput": false
                        },
                        "userProperties": [],
                        "typeProperties": {
                            "source": {
                                "type": "OracleSource",
                                "partitionOption": "None",
                                "numberPrecision": 38,
                                "numberScale": 18,
                                "queryTimeout": "02:00:00"
                            },
                            "sink": {
                                "type": "ParquetSink",
                                "storeSettings": {
                                    "type": "FileServerWriteSettings"
                                },
                                "formatSettings": {
                                    "type": "ParquetWriteSettings"
                                }
                            },
                            "enableStaging": false,
                            "translator": {
                                "type": "TabularTranslator",
                                "typeConversion": true,
                                "typeConversionSettings": {
                                    "allowDataTruncation": true,
                                    "treatBooleanAsNumber": false
                                }
                            }
                        },
                        "inputs": [
                            {
                                "referenceName": "OracleTable2",
                                "type": "DatasetReference",
                                "parameters": {}
                            }
                        ],
                        "outputs": [
                            {
                                "referenceName": "Parquet2",
                                "type": "DatasetReference",
                                "parameters": {}
                            }
                        ]
                    }
                ],
                "policy": {
                    "elapsedTimeMetric": {}
                },
                "annotations": [],
                "lastPublishTime": "2025-08-26T07:54:52Z"
            },
            "dependsOn": []
        },
        {
            "name": "[concat(parameters('factoryName'), '/pipeline13')]",
            "type": "Microsoft.DataFactory/factories/pipelines",
            "apiVersion": "2018-06-01",
            "properties": {
                "activities": [
                    {
                        "name": "Copy data1",
                        "type": "Copy",
                        "dependsOn": [],
                        "policy": {
                            "timeout": "0.12:00:00",
                            "retry": 0,
                            "retryIntervalInSeconds": 30,
                            "secureOutput": false,
                            "secureInput": false
                        },
                        "userProperties": [],
                        "typeProperties": {
                            "source": {
                                "type": "RestSource",
                                "httpRequestTimeout": "00:01:40",
                                "requestInterval": "00.00:00:00.010",
                                "requestMethod": "GET",
                                "paginationRules": {
                                    "supportRFC5988": "true"
                                }
                            },
                            "sink": {
                                "type": "OracleSink",
                                "writeBatchSize": 10000
                            },
                            "enableStaging": false,
                            "parallelCopies": 32
                        },
                        "inputs": [
                            {
                                "referenceName": "RestResource1",
                                "type": "DatasetReference",
                                "parameters": {}
                            }
                        ],
                        "outputs": [
                            {
                                "referenceName": "OracleTable1",
                                "type": "DatasetReference",
                                "parameters": {}
                            }
                        ]
                    }
                ],
                "policy": {
                    "elapsedTimeMetric": {}
                },
                "annotations": [],
                "lastPublishTime": "2025-08-26T07:54:52Z"
            },
            "dependsOn": []
        },
        {
            "name": "[concat(parameters('factoryName'), '/dataflow2')]",
            "type": "Microsoft.DataFactory/factories/dataflows",
            "apiVersion": "2018-06-01",
            "properties": {
                "type": "MappingDataFlow",
                "typeProperties": {
                    "sources": [
                        {
                            "dataset": {
                                "referenceName": "Json1",
                                "type": "DatasetReference"
                            },
                            "name": "source1"
                        }
                    ],
                    "sinks": [
                        {
                            "dataset": {
                                "referenceName": "Parquet1",
                                "type": "DatasetReference"
                            },
                            "name": "sink1"
                        }
                    ],
                    "transformations": [
                        {
                            "name": "flatten1"
                        },
                        {
                            "name": "derivedColumn1"
                        }
                    ],
                    "scriptLines": [
                        "source(output(",
                        "          {_id} as string,",
                        "          DocumentKeyHash as string,",
                        "          DocumentSortOrder as integer,",
                        "          DocumentType as string,",
                        "          Document_Create_Batch_Id as integer,",
                        "          Document_Last_Update_Batch_Id as integer,",
                        "          GNAF_ADOR_Id as string,",
                        "          Non_Perils as ({_id} as (Group as string, Type as string, Value as string), {_id_1_1_1_Source_From_Date_2020-10-20T00:00:00.000Z_Effective_Date_2020-10-20T00:00:00.000Z_Expiry_Date_2020-11-12T23:59:59.000Z_Created_Date_2020-11-12T23:59:59.000Z_Last_Update_Date_2020-11-08T23:59:59.000Z_Status_active_Create_Batch_Id_3_Update_Batch_Id_5} as ({_id_Source_From_Date} as string, {_id_Effective_Date} as string, {_id_Expiry_Date} as string, {_id_Created_Date} as string, {_id_Last_Update_Date} as string, {_id_Status} as string, {_id_Create_Batch_Id} as integer, {_id_Update_Batch_Id} as integer))[]",
                        "     ),",
                        "     allowSchemaDrift: true,",
                        "     validateSchema: false,",
                        "     ignoreNoFilesFound: false,",
                        "     documentForm: 'singleDocument') ~> source1",
                        "source1 foldDown(unroll(Non_Perils, Non_Perils),",
                        "     mapColumn(",
                        "          {_id},",
                        "          DocumentKeyHash,",
                        "          DocumentSortOrder,",
                        "          DocumentType,",
                        "          Document_Create_Batch_Id,",
                        "          Document_Last_Update_Batch_Id,",
                        "          GNAF_ADOR_Id,",
                        "          Non_Perils",
                        "     ),",
                        "     skipDuplicateMapInputs: false,",
                        "     skipDuplicateMapOutputs: false) ~> flatten1",
                        "flatten1 derive(GNAF_ADDR_ID = iif(isNull(GNAF_ADOR_Id), '', GNAF_ADOR_Id),",
                        "          watermark_value = currentUTC()) ~> derivedColumn1",
                        "derivedColumn1 sink(allowSchemaDrift: true,",
                        "     validateSchema: false,",
                        "     format: 'parquet',",
                        "     umask: 0022,",
                        "     preCommands: [],",
                        "     postCommands: [],",
                        "     skipDuplicateMapInputs: true,",
                        "     skipDuplicateMapOutputs: true) ~> sink1"
                    ]
                }
            },
            "dependsOn": []
        }
    ]
}