{
    "$schema": "http://schema.management.azure.com/schemas/2015-01-01/deploymentTemplate.json#",
    "contentVersion": "1.0.0.0",
    "parameters": {
        "factoryName": {
            "type": "string",
            "metadata": "Data Factory name",
            "defaultValue": "ADF6528406"
        },
        "AzureSqlDatabase1_password": {
            "type": "secureString",
            "metadata": "Secure string for 'password' of 'AzureSqlDatabase1'"
        },
        "AzureBatch1_accessKey": {
            "type": "secureString",
            "metadata": "Secure string for 'accessKey' of 'AzureBatch1'"
        },
        "AzureSqlDatabase2_password": {
            "type": "secureString",
            "metadata": "Secure string for 'password' of 'AzureSqlDatabase2'"
        },
        "SqlServer1_password": {
            "type": "secureString",
            "metadata": "Secure string for 'password' of 'SqlServer1'"
        },
        "ServiceNow1_password": {
            "type": "secureString",
            "metadata": "Secure string for 'password' of 'ServiceNow1'"
        },
        "SqlServer2_password": {
            "type": "secureString",
            "metadata": "Secure string for 'password' of 'SqlServer2'"
        },
        "SqlServer3_password": {
            "type": "secureString",
            "metadata": "Secure string for 'password' of 'SqlServer3'"
        },
        "Sftp1_password": {
            "type": "secureString",
            "metadata": "Secure string for 'password' of 'Sftp1'"
        },
        "Oracle1_password": {
            "type": "secureString",
            "metadata": "Secure string for 'password' of 'Oracle1'"
        },
        "Odbc1_connectionString": {
            "type": "secureString",
            "metadata": "Secure string for 'connectionString' of 'Odbc1'"
        },
        "Odbc1_password": {
            "type": "secureString",
            "metadata": "Secure string for 'password' of 'Odbc1'"
        },
        "AzureFunction1_functionKey": {
            "type": "secureString",
            "metadata": "Secure string for 'functionKey' of 'AzureFunction1'"
        },
        "Snowflake1_password": {
            "type": "secureString",
            "metadata": "Secure string for 'password' of 'Snowflake1'"
        },
        "RestService1_password": {
            "type": "secureString",
            "metadata": "Secure string for 'password' of 'RestService1'"
        },
        "Teradata1_password": {
            "type": "secureString",
            "metadata": "Secure string for 'password' of 'Teradata1'"
        },
        "FileServer1_password": {
            "type": "secureString",
            "metadata": "Secure string for 'password' of 'FileServer1'"
        },
        "Odbc2_connectionString": {
            "type": "secureString",
            "metadata": "Secure string for 'connectionString' of 'Odbc2'"
        },
        "Odbc2_password": {
            "type": "secureString",
            "metadata": "Secure string for 'password' of 'Odbc2'"
        },
        "MongoDb1_connectionString": {
            "type": "secureString",
            "metadata": "Secure string for 'connectionString' of 'MongoDb1'"
        },
        "MongoDbAtlas1_connectionString": {
            "type": "secureString",
            "metadata": "Secure string for 'connectionString' of 'MongoDbAtlas1'"
        },
        "MySql1_password": {
            "type": "secureString",
            "metadata": "Secure string for 'password' of 'MySql1'"
        },
        "Odbc3_connectionString": {
            "type": "secureString",
            "metadata": "Secure string for 'connectionString' of 'Odbc3'"
        },
        "Odbc3_password": {
            "type": "secureString",
            "metadata": "Secure string for 'password' of 'Odbc3'"
        },
        "AzureSqlDatabase3_connectionString": {
            "type": "secureString",
            "metadata": "Secure string for 'connectionString' of 'AzureSqlDatabase3'"
        },
        "ssisIR_properties_typeProperties_ssisProperties_catalogInfo_catalogServerEndpoint": {
            "type": "string",
            "defaultValue": "mysqlserver6528406.database.windows.net"
        },
        "ssisIR_properties_typeProperties_ssisProperties_catalogInfo_catalogAdminUserName": {
            "type": "string",
            "defaultValue": "Azureuser1"
        },
        "ssisIR_properties_typeProperties_ssisProperties_catalogInfo_catalogAdminPassword": {
            "type": "secureString"
        },
        "storageEventTr_properties_eventriggerpl_parameters_filename": {
            "type": "string",
            "defaultValue": "@triggerBody().filename"
        },
        "storageEventTr_properties_typeProperties_scope": {
            "type": "string",
            "defaultValue": "/subscriptions/b09a5171-0177-4af1-b767-30ac9d3faeb2/resourceGroups/ADF_RG_01/providers/Microsoft.Storage/storageAccounts/storage24m64sugljolc"
        },
        "storageevent2_properties_typeProperties_scope": {
            "type": "string",
            "defaultValue": "/subscriptions/b09a5171-0177-4af1-b767-30ac9d3faeb2/resourceGroups/ADF_RG_01/providers/Microsoft.Storage/storageAccounts/storage24m64sugljolc"
        },
        "AzureBlobStorage1_properties_typeProperties_serviceEndpoint": {
            "type": "string",
            "defaultValue": "https://storage24m64sugljolc.blob.core.windows.net/"
        },
        "AzureDataLakeStorage1_properties_typeProperties_url": {
            "type": "string",
            "defaultValue": "https://storage24m64sugljolc.dfs.core.windows.net/"
        },
        "AzureDataLakeStorage2_properties_typeProperties_url": {
            "type": "string",
            "defaultValue": "@{linkedService().linkServiceURL}"
        },
        "AzureKeyVault1_properties_typeProperties_baseUrl": {
            "type": "string",
            "defaultValue": "https://ADFKV6528406.vault.azure.net/"
        },
        "AzureBlobStorage2_properties_typeProperties_serviceEndpoint": {
            "type": "string",
            "defaultValue": "https://storage24m64sugljolc.blob.core.windows.net/"
        },
        "AzureBlobStorageAzureIR_properties_typeProperties_serviceEndpoint": {
            "type": "string",
            "defaultValue": "https://storage24m64sugljolc.blob.core.windows.net/"
        },
        "AzureSqlDatabase1_properties_typeProperties_server": {
            "type": "string",
            "defaultValue": "10.0.0.4"
        },
        "AzureSqlDatabase1_properties_typeProperties_database": {
            "type": "string",
            "defaultValue": "msdb"
        },
        "AzureSqlDatabase1_properties_typeProperties_userName": {
            "type": "string",
            "defaultValue": "Azureuser1"
        },
        "AzureDataLakeStorage3_properties_typeProperties_url": {
            "type": "string",
            "defaultValue": "https://storage24m64sugljolc.dfs.core.windows.net/"
        },
        "AzureBatch1_properties_typeProperties_batchUri": {
            "type": "string",
            "defaultValue": "aaaaaaaaaaa"
        },
        "AzureBatch1_properties_typeProperties_poolName": {
            "type": "string",
            "defaultValue": "aaaaaaaa"
        },
        "AzureBatch1_properties_typeProperties_accountName": {
            "type": "string",
            "defaultValue": "aaaaa"
        },
        "AzureSqlDatabase2_properties_typeProperties_server": {
            "type": "string",
            "defaultValue": "mysqlserver6528406.database.windows.net"
        },
        "AzureSqlDatabase2_properties_typeProperties_database": {
            "type": "string",
            "defaultValue": "ADF_SQL_6528406"
        },
        "AzureSqlDatabase2_properties_typeProperties_userName": {
            "type": "string",
            "defaultValue": "Azureuser1"
        },
        "SqlServer1_properties_typeProperties_server": {
            "type": "string",
            "defaultValue": "tcp:mysqlserver6528406.database.windows.net,1433"
        },
        "SqlServer1_properties_typeProperties_database": {
            "type": "string",
            "defaultValue": "ADF_SQL_6528406"
        },
        "SqlServer1_properties_typeProperties_userName": {
            "type": "string",
            "defaultValue": "Azureuser1"
        },
        "ServiceNow1_properties_typeProperties_endpoint": {
            "type": "string",
            "defaultValue": "https:\\\\hbxuwbxjasjxnax"
        },
        "ServiceNow1_properties_typeProperties_username": {
            "type": "string",
            "defaultValue": "sdfgh"
        },
        "SqlServer2_properties_typeProperties_server": {
            "type": "string",
            "defaultValue": "123.10.10.1,1433"
        },
        "SqlServer2_properties_typeProperties_database": {
            "type": "string",
            "defaultValue": "ADF_SQL_6528406"
        },
        "SqlServer2_properties_typeProperties_userName": {
            "type": "string",
            "defaultValue": "Azureuser1"
        },
        "SqlServer3_properties_typeProperties_server": {
            "type": "string",
            "defaultValue": "10.0.0.4"
        },
        "SqlServer3_properties_typeProperties_database": {
            "type": "string",
            "defaultValue": "msdb"
        },
        "SqlServer3_properties_typeProperties_userName": {
            "type": "string",
            "defaultValue": "Azureuser1"
        },
        "Sftp1_properties_typeProperties_host": {
            "type": "string",
            "defaultValue": "10.1.101"
        },
        "Sftp1_properties_typeProperties_hostKeyFingerprint": {
            "type": "string",
            "defaultValue": "qqq"
        },
        "Sftp1_properties_typeProperties_userName": {
            "type": "string",
            "defaultValue": "aaa"
        },
        "Oracle1_properties_typeProperties_server": {
            "type": "string",
            "defaultValue": "qwedfg"
        },
        "Oracle1_properties_typeProperties_username": {
            "type": "string",
            "defaultValue": "admin"
        },
        "Odbc1_properties_typeProperties_userName": {
            "type": "string",
            "defaultValue": "Azureuser1"
        },
        "AzureFunction1_properties_typeProperties_functionAppUrl": {
            "type": "string",
            "defaultValue": ""
        },
        "Snowflake1_properties_typeProperties_database": {
            "type": "string",
            "defaultValue": "abc"
        },
        "RestService1_properties_typeProperties_url": {
            "type": "string",
            "defaultValue": "httpshsiaojxsakx"
        },
        "RestService1_properties_typeProperties_userName": {
            "type": "string",
            "defaultValue": "qwerf"
        },
        "Teradata1_properties_typeProperties_server": {
            "type": "string",
            "defaultValue": "dadadad"
        },
        "Teradata1_properties_typeProperties_username": {
            "type": "string",
            "defaultValue": "dwdqw"
        },
        "FileServer1_properties_typeProperties_host": {
            "type": "string",
            "defaultValue": "storagename.dfs.hsdbhw.wbjs"
        },
        "FileServer1_properties_typeProperties_userId": {
            "type": "string",
            "defaultValue": "sdvfbgnhm"
        },
        "AzureBlobStorage3_properties_typeProperties_serviceEndpoint": {
            "type": "string",
            "defaultValue": "https://storage24m64sugljolc.blob.core.windows.net/"
        },
        "Odbc2_properties_typeProperties_userName": {
            "type": "string",
            "defaultValue": "Azureuser1"
        },
        "AzureDataLakeStorage14_properties_typeProperties_url": {
            "type": "string",
            "defaultValue": "https://storage24m64sugljolc.dfs.core.windows.net/"
        },
        "MongoDb1_properties_typeProperties_database": {
            "type": "string",
            "defaultValue": " SKXKA xKA X;ka "
        },
        "MongoDbAtlas1_properties_typeProperties_database": {
            "type": "string",
            "defaultValue": "kcmks ckl;mdzkc sc"
        },
        "MySql1_properties_typeProperties_server": {
            "type": "string",
            "defaultValue": "trialreproduce.mysql.database.azure.com"
        },
        "MySql1_properties_typeProperties_database": {
            "type": "string",
            "defaultValue": "testdb"
        },
        "MySql1_properties_typeProperties_username": {
            "type": "string",
            "defaultValue": "Azureuser1"
        },
        "Odbc3_properties_typeProperties_userName": {
            "type": "string",
            "defaultValue": "Azureuser1"
        },
        "Hive1_properties_typeProperties_host": {
            "type": "string",
            "defaultValue": "dvfbgnhmjmhnbfvca"
        },
        "Hive2_properties_typeProperties_host": {
            "type": "string",
            "defaultValue": "dvfbgnhmjmhnbfvca"
        },
        "AzureBlobStoragesql_properties_privateLinkResourceId": {
            "type": "string",
            "defaultValue": "/subscriptions/b09a5171-0177-4af1-b767-30ac9d3faeb2/resourceGroups/ADF_RG_01/providers/Microsoft.Storage/storageAccounts/testinglogs652"
        },
        "AzureBlobStoragesql_properties_groupId": {
            "type": "string",
            "defaultValue": "blob"
        },
        "AzureBlobStoragesql_properties_fqdns": {
            "type": "array",
            "defaultValue": [
                "testinglogs652.blob.core.windows.net"
            ]
        },
        "containerUri": {
            "type": "string",
            "metadata": "URI to storage account containing linked ARM templates"
        },
        "containerSasToken": {
            "type": "string",
            "metadata": "Sas token to storage account containing linked ARM templates"
        }
    },
    "variables": {
        "factoryId": "[concat('Microsoft.DataFactory/factories/', parameters('factoryName'))]"
    },
    "resources": [
        {
            "name": "ADF6528406_ArmTemplate_0",
            "type": "Microsoft.Resources/deployments",
            "apiVersion": "2024-03-01",
            "properties": {
                "mode": "incremental",
                "templateLink": {
                    "uri": "[concat(parameters('containerUri'), '/ArmTemplate_0.json', parameters('containerSasToken'))]",
                    "contentVersion": "1.0.0.0"
                },
                "parameters": {
                    "factoryName": {
                        "value": "[parameters('factoryName')]"
                    },
                    "ServiceNow1_password": {
                        "value": "[parameters('ServiceNow1_password')]"
                    },
                    "Oracle1_password": {
                        "value": "[parameters('Oracle1_password')]"
                    },
                    "Snowflake1_password": {
                        "value": "[parameters('Snowflake1_password')]"
                    },
                    "ssisIR_properties_typeProperties_ssisProperties_catalogInfo_catalogServerEndpoint": {
                        "value": "[parameters('ssisIR_properties_typeProperties_ssisProperties_catalogInfo_catalogServerEndpoint')]"
                    },
                    "ssisIR_properties_typeProperties_ssisProperties_catalogInfo_catalogAdminUserName": {
                        "value": "[parameters('ssisIR_properties_typeProperties_ssisProperties_catalogInfo_catalogAdminUserName')]"
                    },
                    "ssisIR_properties_typeProperties_ssisProperties_catalogInfo_catalogAdminPassword": {
                        "value": "[parameters('ssisIR_properties_typeProperties_ssisProperties_catalogInfo_catalogAdminPassword')]"
                    },
                    "AzureDataLakeStorage1_properties_typeProperties_url": {
                        "value": "[parameters('AzureDataLakeStorage1_properties_typeProperties_url')]"
                    },
                    "AzureDataLakeStorage2_properties_typeProperties_url": {
                        "value": "[parameters('AzureDataLakeStorage2_properties_typeProperties_url')]"
                    },
                    "AzureKeyVault1_properties_typeProperties_baseUrl": {
                        "value": "[parameters('AzureKeyVault1_properties_typeProperties_baseUrl')]"
                    },
                    "AzureBlobStorage2_properties_typeProperties_serviceEndpoint": {
                        "value": "[parameters('AzureBlobStorage2_properties_typeProperties_serviceEndpoint')]"
                    },
                    "AzureBlobStorageAzureIR_properties_typeProperties_serviceEndpoint": {
                        "value": "[parameters('AzureBlobStorageAzureIR_properties_typeProperties_serviceEndpoint')]"
                    },
                    "AzureDataLakeStorage3_properties_typeProperties_url": {
                        "value": "[parameters('AzureDataLakeStorage3_properties_typeProperties_url')]"
                    },
                    "ServiceNow1_properties_typeProperties_endpoint": {
                        "value": "[parameters('ServiceNow1_properties_typeProperties_endpoint')]"
                    },
                    "ServiceNow1_properties_typeProperties_username": {
                        "value": "[parameters('ServiceNow1_properties_typeProperties_username')]"
                    },
                    "Oracle1_properties_typeProperties_server": {
                        "value": "[parameters('Oracle1_properties_typeProperties_server')]"
                    },
                    "Oracle1_properties_typeProperties_username": {
                        "value": "[parameters('Oracle1_properties_typeProperties_username')]"
                    },
                    "Snowflake1_properties_typeProperties_database": {
                        "value": "[parameters('Snowflake1_properties_typeProperties_database')]"
                    }
                }
            },
            "dependsOn": []
        },
        {
            "name": "ADF6528406_ArmTemplate_1",
            "type": "Microsoft.Resources/deployments",
            "apiVersion": "2024-03-01",
            "properties": {
                "mode": "incremental",
                "templateLink": {
                    "uri": "[concat(parameters('containerUri'), '/ArmTemplate_1.json', parameters('containerSasToken'))]",
                    "contentVersion": "1.0.0.0"
                },
                "parameters": {
                    "factoryName": {
                        "value": "[parameters('factoryName')]"
                    },
                    "RestService1_password": {
                        "value": "[parameters('RestService1_password')]"
                    },
                    "Teradata1_password": {
                        "value": "[parameters('Teradata1_password')]"
                    },
                    "FileServer1_password": {
                        "value": "[parameters('FileServer1_password')]"
                    },
                    "MongoDb1_connectionString": {
                        "value": "[parameters('MongoDb1_connectionString')]"
                    },
                    "MongoDbAtlas1_connectionString": {
                        "value": "[parameters('MongoDbAtlas1_connectionString')]"
                    },
                    "AzureSqlDatabase3_connectionString": {
                        "value": "[parameters('AzureSqlDatabase3_connectionString')]"
                    },
                    "RestService1_properties_typeProperties_url": {
                        "value": "[parameters('RestService1_properties_typeProperties_url')]"
                    },
                    "RestService1_properties_typeProperties_userName": {
                        "value": "[parameters('RestService1_properties_typeProperties_userName')]"
                    },
                    "Teradata1_properties_typeProperties_server": {
                        "value": "[parameters('Teradata1_properties_typeProperties_server')]"
                    },
                    "Teradata1_properties_typeProperties_username": {
                        "value": "[parameters('Teradata1_properties_typeProperties_username')]"
                    },
                    "FileServer1_properties_typeProperties_host": {
                        "value": "[parameters('FileServer1_properties_typeProperties_host')]"
                    },
                    "FileServer1_properties_typeProperties_userId": {
                        "value": "[parameters('FileServer1_properties_typeProperties_userId')]"
                    },
                    "MongoDb1_properties_typeProperties_database": {
                        "value": "[parameters('MongoDb1_properties_typeProperties_database')]"
                    },
                    "MongoDbAtlas1_properties_typeProperties_database": {
                        "value": "[parameters('MongoDbAtlas1_properties_typeProperties_database')]"
                    }
                }
            },
            "dependsOn": [
                "[resourceId('Microsoft.Resources/deployments', 'ADF6528406_ArmTemplate_0')]"
            ]
        },
        {
            "name": "ADF6528406_ArmTemplate_2",
            "type": "Microsoft.Resources/deployments",
            "apiVersion": "2024-03-01",
            "properties": {
                "mode": "incremental",
                "templateLink": {
                    "uri": "[concat(parameters('containerUri'), '/ArmTemplate_2.json', parameters('containerSasToken'))]",
                    "contentVersion": "1.0.0.0"
                },
                "parameters": {
                    "factoryName": {
                        "value": "[parameters('factoryName')]"
                    },
                    "AzureSqlDatabase1_password": {
                        "value": "[parameters('AzureSqlDatabase1_password')]"
                    },
                    "SqlServer3_password": {
                        "value": "[parameters('SqlServer3_password')]"
                    },
                    "Sftp1_password": {
                        "value": "[parameters('Sftp1_password')]"
                    },
                    "Odbc1_connectionString": {
                        "value": "[parameters('Odbc1_connectionString')]"
                    },
                    "Odbc1_password": {
                        "value": "[parameters('Odbc1_password')]"
                    },
                    "AzureFunction1_functionKey": {
                        "value": "[parameters('AzureFunction1_functionKey')]"
                    },
                    "Odbc2_connectionString": {
                        "value": "[parameters('Odbc2_connectionString')]"
                    },
                    "Odbc2_password": {
                        "value": "[parameters('Odbc2_password')]"
                    },
                    "MySql1_password": {
                        "value": "[parameters('MySql1_password')]"
                    },
                    "Odbc3_connectionString": {
                        "value": "[parameters('Odbc3_connectionString')]"
                    },
                    "Odbc3_password": {
                        "value": "[parameters('Odbc3_password')]"
                    },
                    "AzureBlobStorage1_properties_typeProperties_serviceEndpoint": {
                        "value": "[parameters('AzureBlobStorage1_properties_typeProperties_serviceEndpoint')]"
                    },
                    "AzureSqlDatabase1_properties_typeProperties_server": {
                        "value": "[parameters('AzureSqlDatabase1_properties_typeProperties_server')]"
                    },
                    "AzureSqlDatabase1_properties_typeProperties_database": {
                        "value": "[parameters('AzureSqlDatabase1_properties_typeProperties_database')]"
                    },
                    "AzureSqlDatabase1_properties_typeProperties_userName": {
                        "value": "[parameters('AzureSqlDatabase1_properties_typeProperties_userName')]"
                    },
                    "SqlServer3_properties_typeProperties_server": {
                        "value": "[parameters('SqlServer3_properties_typeProperties_server')]"
                    },
                    "SqlServer3_properties_typeProperties_database": {
                        "value": "[parameters('SqlServer3_properties_typeProperties_database')]"
                    },
                    "SqlServer3_properties_typeProperties_userName": {
                        "value": "[parameters('SqlServer3_properties_typeProperties_userName')]"
                    },
                    "Sftp1_properties_typeProperties_host": {
                        "value": "[parameters('Sftp1_properties_typeProperties_host')]"
                    },
                    "Sftp1_properties_typeProperties_hostKeyFingerprint": {
                        "value": "[parameters('Sftp1_properties_typeProperties_hostKeyFingerprint')]"
                    },
                    "Sftp1_properties_typeProperties_userName": {
                        "value": "[parameters('Sftp1_properties_typeProperties_userName')]"
                    },
                    "Odbc1_properties_typeProperties_userName": {
                        "value": "[parameters('Odbc1_properties_typeProperties_userName')]"
                    },
                    "AzureFunction1_properties_typeProperties_functionAppUrl": {
                        "value": "[parameters('AzureFunction1_properties_typeProperties_functionAppUrl')]"
                    },
                    "AzureBlobStorage3_properties_typeProperties_serviceEndpoint": {
                        "value": "[parameters('AzureBlobStorage3_properties_typeProperties_serviceEndpoint')]"
                    },
                    "Odbc2_properties_typeProperties_userName": {
                        "value": "[parameters('Odbc2_properties_typeProperties_userName')]"
                    },
                    "AzureDataLakeStorage14_properties_typeProperties_url": {
                        "value": "[parameters('AzureDataLakeStorage14_properties_typeProperties_url')]"
                    },
                    "MySql1_properties_typeProperties_server": {
                        "value": "[parameters('MySql1_properties_typeProperties_server')]"
                    },
                    "MySql1_properties_typeProperties_database": {
                        "value": "[parameters('MySql1_properties_typeProperties_database')]"
                    },
                    "MySql1_properties_typeProperties_username": {
                        "value": "[parameters('MySql1_properties_typeProperties_username')]"
                    },
                    "Odbc3_properties_typeProperties_userName": {
                        "value": "[parameters('Odbc3_properties_typeProperties_userName')]"
                    },
                    "AzureBlobStoragesql_properties_privateLinkResourceId": {
                        "value": "[parameters('AzureBlobStoragesql_properties_privateLinkResourceId')]"
                    },
                    "AzureBlobStoragesql_properties_groupId": {
                        "value": "[parameters('AzureBlobStoragesql_properties_groupId')]"
                    },
                    "AzureBlobStoragesql_properties_fqdns": {
                        "value": "[parameters('AzureBlobStoragesql_properties_fqdns')]"
                    }
                }
            },
            "dependsOn": [
                "[resourceId('Microsoft.Resources/deployments', 'ADF6528406_ArmTemplate_1')]"
            ]
        },
        {
            "name": "ADF6528406_ArmTemplate_3",
            "type": "Microsoft.Resources/deployments",
            "apiVersion": "2024-03-01",
            "properties": {
                "mode": "incremental",
                "templateLink": {
                    "uri": "[concat(parameters('containerUri'), '/ArmTemplate_3.json', parameters('containerSasToken'))]",
                    "contentVersion": "1.0.0.0"
                },
                "parameters": {
                    "factoryName": {
                        "value": "[parameters('factoryName')]"
                    },
                    "AzureBatch1_accessKey": {
                        "value": "[parameters('AzureBatch1_accessKey')]"
                    },
                    "AzureSqlDatabase2_password": {
                        "value": "[parameters('AzureSqlDatabase2_password')]"
                    },
                    "SqlServer1_password": {
                        "value": "[parameters('SqlServer1_password')]"
                    },
                    "SqlServer2_password": {
                        "value": "[parameters('SqlServer2_password')]"
                    },
                    "AzureBatch1_properties_typeProperties_batchUri": {
                        "value": "[parameters('AzureBatch1_properties_typeProperties_batchUri')]"
                    },
                    "AzureBatch1_properties_typeProperties_poolName": {
                        "value": "[parameters('AzureBatch1_properties_typeProperties_poolName')]"
                    },
                    "AzureBatch1_properties_typeProperties_accountName": {
                        "value": "[parameters('AzureBatch1_properties_typeProperties_accountName')]"
                    },
                    "AzureSqlDatabase2_properties_typeProperties_server": {
                        "value": "[parameters('AzureSqlDatabase2_properties_typeProperties_server')]"
                    },
                    "AzureSqlDatabase2_properties_typeProperties_database": {
                        "value": "[parameters('AzureSqlDatabase2_properties_typeProperties_database')]"
                    },
                    "AzureSqlDatabase2_properties_typeProperties_userName": {
                        "value": "[parameters('AzureSqlDatabase2_properties_typeProperties_userName')]"
                    },
                    "SqlServer1_properties_typeProperties_server": {
                        "value": "[parameters('SqlServer1_properties_typeProperties_server')]"
                    },
                    "SqlServer1_properties_typeProperties_database": {
                        "value": "[parameters('SqlServer1_properties_typeProperties_database')]"
                    },
                    "SqlServer1_properties_typeProperties_userName": {
                        "value": "[parameters('SqlServer1_properties_typeProperties_userName')]"
                    },
                    "SqlServer2_properties_typeProperties_server": {
                        "value": "[parameters('SqlServer2_properties_typeProperties_server')]"
                    },
                    "SqlServer2_properties_typeProperties_database": {
                        "value": "[parameters('SqlServer2_properties_typeProperties_database')]"
                    },
                    "SqlServer2_properties_typeProperties_userName": {
                        "value": "[parameters('SqlServer2_properties_typeProperties_userName')]"
                    },
                    "Hive1_properties_typeProperties_host": {
                        "value": "[parameters('Hive1_properties_typeProperties_host')]"
                    },
                    "Hive2_properties_typeProperties_host": {
                        "value": "[parameters('Hive2_properties_typeProperties_host')]"
                    }
                }
            },
            "dependsOn": [
                "[resourceId('Microsoft.Resources/deployments', 'ADF6528406_ArmTemplate_2')]"
            ]
        },
        {
            "name": "ADF6528406_ArmTemplate_4",
            "type": "Microsoft.Resources/deployments",
            "apiVersion": "2024-03-01",
            "properties": {
                "mode": "incremental",
                "templateLink": {
                    "uri": "[concat(parameters('containerUri'), '/ArmTemplate_4.json', parameters('containerSasToken'))]",
                    "contentVersion": "1.0.0.0"
                },
                "parameters": {
                    "factoryName": {
                        "value": "[parameters('factoryName')]"
                    },
                    "storageEventTr_properties_eventriggerpl_parameters_filename": {
                        "value": "[parameters('storageEventTr_properties_eventriggerpl_parameters_filename')]"
                    },
                    "storageEventTr_properties_typeProperties_scope": {
                        "value": "[parameters('storageEventTr_properties_typeProperties_scope')]"
                    },
                    "storageevent2_properties_typeProperties_scope": {
                        "value": "[parameters('storageevent2_properties_typeProperties_scope')]"
                    }
                }
            },
            "dependsOn": [
                "[resourceId('Microsoft.Resources/deployments', 'ADF6528406_ArmTemplate_3')]"
            ]
        },
        {
            "name": "ADF6528406_ArmTemplate_5",
            "type": "Microsoft.Resources/deployments",
            "apiVersion": "2024-03-01",
            "properties": {
                "mode": "incremental",
                "templateLink": {
                    "uri": "[concat(parameters('containerUri'), '/ArmTemplate_5.json', parameters('containerSasToken'))]",
                    "contentVersion": "1.0.0.0"
                },
                "parameters": {
                    "factoryName": {
                        "value": "[parameters('factoryName')]"
                    }
                }
            },
            "dependsOn": [
                "[resourceId('Microsoft.Resources/deployments', 'ADF6528406_ArmTemplate_4')]"
            ]
        }
    ]
}