{
    "$schema": "https://schema.management.azure.com/schemas/2015-01-01/deploymentParameters.json#",
    "contentVersion": "1.0.0.0",
    "parameters": {
        "factoryName": {
            "value": "ADF6528406"
        },
        "AzureSqlDatabase1_password": {
            "value": ""
        },
        "AzureBatch1_accessKey": {
            "value": ""
        },
        "AzureSqlDatabase2_password": {
            "value": ""
        },
        "SqlServer1_password": {
            "value": ""
        },
        "ServiceNow1_password": {
            "value": ""
        },
        "SqlServer2_password": {
            "value": ""
        },
        "SqlServer3_password": {
            "value": ""
        },
        "Sftp1_password": {
            "value": ""
        },
        "Oracle1_password": {
            "value": ""
        },
        "Odbc1_connectionString": {
            "value": ""
        },
        "Odbc1_password": {
            "value": ""
        },
        "AzureFunction1_functionKey": {
            "value": ""
        },
        "Snowflake1_password": {
            "value": ""
        },
        "RestService1_password": {
            "value": ""
        },
        "Teradata1_password": {
            "value": ""
        },
        "FileServer1_password": {
            "value": ""
        },
        "Odbc2_connectionString": {
            "value": ""
        },
        "Odbc2_password": {
            "value": ""
        },
        "MongoDb1_connectionString": {
            "value": ""
        },
        "MongoDbAtlas1_connectionString": {
            "value": ""
        },
        "MySql1_password": {
            "value": ""
        },
        "Odbc3_connectionString": {
            "value": ""
        },
        "Odbc3_password": {
            "value": ""
        },
        "AzureSqlDatabase3_connectionString": {
            "value": ""
        },
        "ssisIR_properties_typeProperties_ssisProperties_catalogInfo_catalogServerEndpoint": {
            "value": "mysqlserver6528406.database.windows.net"
        },
        "ssisIR_properties_typeProperties_ssisProperties_catalogInfo_catalogAdminUserName": {
            "value": "Azureuser1"
        },
        "ssisIR_properties_typeProperties_ssisProperties_catalogInfo_catalogAdminPassword": {
            "value": ""
        },
        "storageEventTr_properties_eventriggerpl_parameters_filename": {
            "value": "@triggerBody().filename"
        },
        "storageEventTr_properties_typeProperties_scope": {
            "value": "/subscriptions/b09a5171-0177-4af1-b767-30ac9d3faeb2/resourceGroups/ADF_RG_01/providers/Microsoft.Storage/storageAccounts/storage24m64sugljolc"
        },
        "storageevent2_properties_typeProperties_scope": {
            "value": "/subscriptions/b09a5171-0177-4af1-b767-30ac9d3faeb2/resourceGroups/ADF_RG_01/providers/Microsoft.Storage/storageAccounts/storage24m64sugljolc"
        },
        "AzureBlobStorage1_properties_typeProperties_serviceEndpoint": {
            "value": "https://storage24m64sugljolc.blob.core.windows.net/"
        },
        "AzureDataLakeStorage1_properties_typeProperties_url": {
            "value": "https://storage24m64sugljolc.dfs.core.windows.net/"
        },
        "AzureDataLakeStorage2_properties_typeProperties_url": {
            "value": "@{linkedService().linkServiceURL}"
        },
        "AzureKeyVault1_properties_typeProperties_baseUrl": {
            "value": "https://ADFKV6528406.vault.azure.net/"
        },
        "AzureBlobStorage2_properties_typeProperties_serviceEndpoint": {
            "value": "https://storage24m64sugljolc.blob.core.windows.net/"
        },
        "AzureBlobStorageAzureIR_properties_typeProperties_serviceEndpoint": {
            "value": "https://storage24m64sugljolc.blob.core.windows.net/"
        },
        "AzureSqlDatabase1_properties_typeProperties_server": {
            "value": "10.0.0.4"
        },
        "AzureSqlDatabase1_properties_typeProperties_database": {
            "value": "msdb"
        },
        "AzureSqlDatabase1_properties_typeProperties_userName": {
            "value": "Azureuser1"
        },
        "AzureDataLakeStorage3_properties_typeProperties_url": {
            "value": "https://storage24m64sugljolc.dfs.core.windows.net/"
        },
        "AzureBatch1_properties_typeProperties_batchUri": {
            "value": "aaaaaaaaaaa"
        },
        "AzureBatch1_properties_typeProperties_poolName": {
            "value": "aaaaaaaa"
        },
        "AzureBatch1_properties_typeProperties_accountName": {
            "value": "aaaaa"
        },
        "AzureSqlDatabase2_properties_typeProperties_server": {
            "value": "mysqlserver6528406.database.windows.net"
        },
        "AzureSqlDatabase2_properties_typeProperties_database": {
            "value": "ADF_SQL_6528406"
        },
        "AzureSqlDatabase2_properties_typeProperties_userName": {
            "value": "Azureuser1"
        },
        "SqlServer1_properties_typeProperties_server": {
            "value": "tcp:mysqlserver6528406.database.windows.net,1433"
        },
        "SqlServer1_properties_typeProperties_database": {
            "value": "ADF_SQL_6528406"
        },
        "SqlServer1_properties_typeProperties_userName": {
            "value": "Azureuser1"
        },
        "ServiceNow1_properties_typeProperties_endpoint": {
            "value": "https:\\\\hbxuwbxjasjxnax"
        },
        "ServiceNow1_properties_typeProperties_username": {
            "value": "sdfgh"
        },
        "SqlServer2_properties_typeProperties_server": {
            "value": "123.10.10.1,1433"
        },
        "SqlServer2_properties_typeProperties_database": {
            "value": "ADF_SQL_6528406"
        },
        "SqlServer2_properties_typeProperties_userName": {
            "value": "Azureuser1"
        },
        "SqlServer3_properties_typeProperties_server": {
            "value": "10.0.0.4"
        },
        "SqlServer3_properties_typeProperties_database": {
            "value": "msdb"
        },
        "SqlServer3_properties_typeProperties_userName": {
            "value": "Azureuser1"
        },
        "Sftp1_properties_typeProperties_host": {
            "value": "10.1.101"
        },
        "Sftp1_properties_typeProperties_hostKeyFingerprint": {
            "value": "qqq"
        },
        "Sftp1_properties_typeProperties_userName": {
            "value": "aaa"
        },
        "Oracle1_properties_typeProperties_server": {
            "value": "qwedfg"
        },
        "Oracle1_properties_typeProperties_username": {
            "value": "admin"
        },
        "Odbc1_properties_typeProperties_userName": {
            "value": "Azureuser1"
        },
        "AzureFunction1_properties_typeProperties_functionAppUrl": {
            "value": ""
        },
        "Snowflake1_properties_typeProperties_database": {
            "value": "abc"
        },
        "RestService1_properties_typeProperties_url": {
            "value": "httpshsiaojxsakx"
        },
        "RestService1_properties_typeProperties_userName": {
            "value": "qwerf"
        },
        "Teradata1_properties_typeProperties_server": {
            "value": "dadadad"
        },
        "Teradata1_properties_typeProperties_username": {
            "value": "dwdqw"
        },
        "FileServer1_properties_typeProperties_host": {
            "value": "storagename.dfs.hsdbhw.wbjs"
        },
        "FileServer1_properties_typeProperties_userId": {
            "value": "sdvfbgnhm"
        },
        "AzureBlobStorage3_properties_typeProperties_serviceEndpoint": {
            "value": "https://storage24m64sugljolc.blob.core.windows.net/"
        },
        "Odbc2_properties_typeProperties_userName": {
            "value": "Azureuser1"
        },
        "AzureDataLakeStorage14_properties_typeProperties_url": {
            "value": "https://storage24m64sugljolc.dfs.core.windows.net/"
        },
        "MongoDb1_properties_typeProperties_database": {
            "value": " SKXKA xKA X;ka "
        },
        "MongoDbAtlas1_properties_typeProperties_database": {
            "value": "kcmks ckl;mdzkc sc"
        },
        "MySql1_properties_typeProperties_server": {
            "value": "trialreproduce.mysql.database.azure.com"
        },
        "MySql1_properties_typeProperties_database": {
            "value": "testdb"
        },
        "MySql1_properties_typeProperties_username": {
            "value": "Azureuser1"
        },
        "Odbc3_properties_typeProperties_userName": {
            "value": "Azureuser1"
        },
        "Hive1_properties_typeProperties_host": {
            "value": "dvfbgnhmjmhnbfvca"
        },
        "Hive2_properties_typeProperties_host": {
            "value": "dvfbgnhmjmhnbfvca"
        },
        "AzureBlobStoragesql_properties_privateLinkResourceId": {
            "value": "/subscriptions/b09a5171-0177-4af1-b767-30ac9d3faeb2/resourceGroups/ADF_RG_01/providers/Microsoft.Storage/storageAccounts/testinglogs652"
        },
        "AzureBlobStoragesql_properties_groupId": {
            "value": "blob"
        },
        "AzureBlobStoragesql_properties_fqdns": {
            "value": [
                "testinglogs652.blob.core.windows.net"
            ]
        },
        "containerUri": {
            "value": ""
        },
        "containerSasToken": {
            "value": ""
        }
    }
}