{
    "$schema": "http://schema.management.azure.com/schemas/2015-01-01/deploymentTemplate.json#",
    "contentVersion": "1.0.0.0",
    "parameters": {
        "factoryName": {
            "type": "string",
            "metadata": "Data Factory name",
            "defaultValue": "ADF6528406"
        },
        "ServiceNow1_password": {
            "type": "secureString",
            "metadata": "Secure string for 'password' of 'ServiceNow1'"
        },
        "Oracle1_password": {
            "type": "secureString",
            "metadata": "Secure string for 'password' of 'Oracle1'"
        },
        "Snowflake1_password": {
            "type": "secureString",
            "metadata": "Secure string for 'password' of 'Snowflake1'"
        },
        "ssisIR_properties_typeProperties_ssisProperties_catalogInfo_catalogServerEndpoint": {
            "type": "string",
            "defaultValue": "mysqlserver6528406.database.windows.net"
        },
        "ssisIR_properties_typeProperties_ssisProperties_catalogInfo_catalogAdminUserName": {
            "type": "string",
            "defaultValue": "Azureuser1"
        },
        "ssisIR_properties_typeProperties_ssisProperties_catalogInfo_catalogAdminPassword": {
            "type": "secureString"
        },
        "AzureDataLakeStorage1_properties_typeProperties_url": {
            "type": "string",
            "defaultValue": "https://storage24m64sugljolc.dfs.core.windows.net/"
        },
        "AzureDataLakeStorage2_properties_typeProperties_url": {
            "type": "string",
            "defaultValue": "@{linkedService().linkServiceURL}"
        },
        "AzureKeyVault1_properties_typeProperties_baseUrl": {
            "type": "string",
            "defaultValue": "https://ADFKV6528406.vault.azure.net/"
        },
        "AzureBlobStorage2_properties_typeProperties_serviceEndpoint": {
            "type": "string",
            "defaultValue": "https://storage24m64sugljolc.blob.core.windows.net/"
        },
        "AzureBlobStorageAzureIR_properties_typeProperties_serviceEndpoint": {
            "type": "string",
            "defaultValue": "https://storage24m64sugljolc.blob.core.windows.net/"
        },
        "AzureDataLakeStorage3_properties_typeProperties_url": {
            "type": "string",
            "defaultValue": "https://storage24m64sugljolc.dfs.core.windows.net/"
        },
        "ServiceNow1_properties_typeProperties_endpoint": {
            "type": "string",
            "defaultValue": "https:\\\\hbxuwbxjasjxnax"
        },
        "ServiceNow1_properties_typeProperties_username": {
            "type": "string",
            "defaultValue": "sdfgh"
        },
        "Oracle1_properties_typeProperties_server": {
            "type": "string",
            "defaultValue": "qwedfg"
        },
        "Oracle1_properties_typeProperties_username": {
            "type": "string",
            "defaultValue": "admin"
        },
        "Snowflake1_properties_typeProperties_database": {
            "type": "string",
            "defaultValue": "abc"
        }
    },
    "variables": {
        "factoryId": "[concat('Microsoft.DataFactory/factories/', parameters('factoryName'))]"
    },
    "resources": [
        {
            "name": "[concat(parameters('factoryName'), '/credential1')]",
            "type": "Microsoft.DataFactory/factories/credentials",
            "apiVersion": "2018-06-01",
            "properties": {
                "type": "ManagedIdentity",
                "typeProperties": {
                    "resourceId": "/subscriptions/b09a5171-0177-4af1-b767-30ac9d3faeb2/resourcegroups/ADF_RG_01/providers/Microsoft.ManagedIdentity/userAssignedIdentities/UAMI_6528406_01"
                }
            },
            "dependsOn": []
        },
        {
            "name": "[concat(parameters('factoryName'), '/credential2')]",
            "type": "Microsoft.DataFactory/factories/credentials",
            "apiVersion": "2018-06-01",
            "properties": {
                "type": "ManagedIdentity",
                "typeProperties": {
                    "resourceId": "/subscriptions/b09a5171-0177-4af1-b767-30ac9d3faeb2/resourcegroups/ADF_RG_01/providers/Microsoft.ManagedIdentity/userAssignedIdentities/UAMI_6528406_01"
                }
            },
            "dependsOn": []
        },
        {
            "name": "[concat(parameters('factoryName'), '/credential3')]",
            "type": "Microsoft.DataFactory/factories/credentials",
            "apiVersion": "2018-06-01",
            "properties": {
                "type": "ManagedIdentity",
                "typeProperties": {
                    "resourceId": "/subscriptions/b09a5171-0177-4af1-b767-30ac9d3faeb2/resourcegroups/ADF_RG_01/providers/Microsoft.ManagedIdentity/userAssignedIdentities/UAMI_6528406_01"
                }
            },
            "dependsOn": []
        },
        {
            "name": "[concat(parameters('factoryName'), '/credential5')]",
            "type": "Microsoft.DataFactory/factories/credentials",
            "apiVersion": "2018-06-01",
            "properties": {
                "type": "ManagedIdentity",
                "typeProperties": {
                    "resourceId": "/subscriptions/b09a5171-0177-4af1-b767-30ac9d3faeb2/resourcegroups/ADF_RG_01/providers/Microsoft.ManagedIdentity/userAssignedIdentities/UAMI_6528406_01"
                }
            },
            "dependsOn": []
        },
        {
            "name": "[concat(parameters('factoryName'), '/credential4')]",
            "type": "Microsoft.DataFactory/factories/credentials",
            "apiVersion": "2018-06-01",
            "properties": {
                "type": "ManagedIdentity",
                "typeProperties": {
                    "resourceId": "/subscriptions/b09a5171-0177-4af1-b767-30ac9d3faeb2/resourcegroups/ADF_RG_01/providers/Microsoft.ManagedIdentity/userAssignedIdentities/UAMI_6528406_01"
                }
            },
            "dependsOn": []
        },
        {
            "name": "[concat(parameters('factoryName'), '/SHIR-01')]",
            "type": "Microsoft.DataFactory/factories/integrationRuntimes",
            "apiVersion": "2018-06-01",
            "properties": {
                "type": "SelfHosted",
                "typeProperties": {}
            },
            "dependsOn": []
        },
        {
            "name": "[concat(parameters('factoryName'), '/ssisIR')]",
            "type": "Microsoft.DataFactory/factories/integrationRuntimes",
            "apiVersion": "2018-06-01",
            "properties": {
                "type": "Managed",
                "typeProperties": {
                    "computeProperties": {
                        "location": "Southeast Asia",
                        "nodeSize": "Standard_D2_v3",
                        "numberOfNodes": 2,
                        "maxParallelExecutionsPerNode": 2
                    },
                    "ssisProperties": {
                        "catalogInfo": {
                            "catalogServerEndpoint": "[parameters('ssisIR_properties_typeProperties_ssisProperties_catalogInfo_catalogServerEndpoint')]",
                            "catalogAdminUserName": "[parameters('ssisIR_properties_typeProperties_ssisProperties_catalogInfo_catalogAdminUserName')]",
                            "catalogAdminPassword": {
                                "type": "SecureString",
                                "value": "[parameters('ssisIR_properties_typeProperties_ssisProperties_catalogInfo_catalogAdminPassword')]"
                            },
                            "catalogPricingTier": "S1"
                        },
                        "customSetupScriptProperties": {
                            "blobContainerUri": "https://storage24m64sugljolc.blob.core.windows.net/datafactorysp=racwdl&st=2025-08-19T03:08:23Z&se=2025-08-19T11:23:23Z&skoid=99a7e27f-2a80-446d-b446-6f515ab497d1&sktid=16b3c013-d300-468d-ac64-7eda0820b6d3&skt=2025-08-19T03:08:23Z&ske=2025-08-19T11:23:23Z&sks=b&skv=2024-11-04&spr=https&sv=2024-11-04&sr=c&sig=bowPAT5giZyYZDDFDz04%2BZu%2FRn1ldOKAcWYEantWBTQ%3D"
                        },
                        "edition": "Standard",
                        "licenseType": "LicenseIncluded"
                    }
                }
            },
            "dependsOn": []
        },
        {
            "name": "[concat(parameters('factoryName'), '/SHIRsql')]",
            "type": "Microsoft.DataFactory/factories/integrationRuntimes",
            "apiVersion": "2018-06-01",
            "properties": {
                "type": "SelfHosted",
                "typeProperties": {}
            },
            "dependsOn": []
        },
        {
            "name": "[concat(parameters('factoryName'), '/trigger2')]",
            "type": "Microsoft.DataFactory/factories/triggers",
            "apiVersion": "2018-06-01",
            "properties": {
                "annotations": [],
                "runtimeState": "Stopped",
                "pipelines": [],
                "type": "ScheduleTrigger",
                "typeProperties": {
                    "recurrence": {
                        "frequency": "Hour",
                        "interval": 3,
                        "startTime": "2025-07-03T13:26:00",
                        "timeZone": "Singapore Standard Time"
                    }
                }
            },
            "dependsOn": []
        },
        {
            "name": "[concat(parameters('factoryName'), '/trigger3')]",
            "type": "Microsoft.DataFactory/factories/triggers",
            "apiVersion": "2018-06-01",
            "properties": {
                "annotations": [],
                "runtimeState": "Stopped",
                "pipelines": [],
                "type": "ScheduleTrigger",
                "typeProperties": {
                    "recurrence": {
                        "frequency": "Minute",
                        "interval": 10,
                        "startTime": "2025-08-14T06:17:00",
                        "timeZone": "Singapore Standard Time"
                    }
                }
            },
            "dependsOn": []
        },
        {
            "name": "[concat(parameters('factoryName'), '/default')]",
            "type": "Microsoft.DataFactory/factories/managedVirtualNetworks",
            "apiVersion": "2018-06-01",
            "properties": {},
            "dependsOn": []
        },
        {
            "name": "[concat(parameters('factoryName'), '/AzureDataLakeStorage1')]",
            "type": "Microsoft.DataFactory/factories/linkedServices",
            "apiVersion": "2018-06-01",
            "properties": {
                "annotations": [],
                "type": "AzureBlobFS",
                "typeProperties": {
                    "url": "[parameters('AzureDataLakeStorage1_properties_typeProperties_url')]"
                }
            },
            "dependsOn": []
        },
        {
            "name": "[concat(parameters('factoryName'), '/AzureDataLakeStorage2')]",
            "type": "Microsoft.DataFactory/factories/linkedServices",
            "apiVersion": "2018-06-01",
            "properties": {
                "parameters": {
                    "linkServiceURL": {
                        "type": "string",
                        "defaultValue": "https://storage24m64sugljolc.dfs.core.windows.net"
                    }
                },
                "annotations": [],
                "type": "AzureBlobFS",
                "typeProperties": {
                    "url": "[parameters('AzureDataLakeStorage2_properties_typeProperties_url')]"
                }
            },
            "dependsOn": []
        },
        {
            "name": "[concat(parameters('factoryName'), '/AzureKeyVault1')]",
            "type": "Microsoft.DataFactory/factories/linkedServices",
            "apiVersion": "2018-06-01",
            "properties": {
                "annotations": [],
                "type": "AzureKeyVault",
                "typeProperties": {
                    "baseUrl": "[parameters('AzureKeyVault1_properties_typeProperties_baseUrl')]"
                }
            },
            "dependsOn": []
        },
        {
            "name": "[concat(parameters('factoryName'), '/AzureBlobStorage2')]",
            "type": "Microsoft.DataFactory/factories/linkedServices",
            "apiVersion": "2018-06-01",
            "properties": {
                "annotations": [],
                "type": "AzureBlobStorage",
                "typeProperties": {
                    "serviceEndpoint": "[parameters('AzureBlobStorage2_properties_typeProperties_serviceEndpoint')]",
                    "accountKind": "StorageV2"
                }
            },
            "dependsOn": []
        },
        {
            "name": "[concat(parameters('factoryName'), '/AzureBlobStorageAzureIR')]",
            "type": "Microsoft.DataFactory/factories/linkedServices",
            "apiVersion": "2018-06-01",
            "properties": {
                "annotations": [],
                "type": "AzureBlobStorage",
                "typeProperties": {
                    "serviceEndpoint": "[parameters('AzureBlobStorageAzureIR_properties_typeProperties_serviceEndpoint')]",
                    "accountKind": "StorageV2"
                }
            },
            "dependsOn": []
        },
        {
            "name": "[concat(parameters('factoryName'), '/AzureDataLakeStorage3')]",
            "type": "Microsoft.DataFactory/factories/linkedServices",
            "apiVersion": "2018-06-01",
            "properties": {
                "annotations": [],
                "type": "AzureBlobFS",
                "typeProperties": {
                    "url": "[parameters('AzureDataLakeStorage3_properties_typeProperties_url')]"
                }
            },
            "dependsOn": []
        },
        {
            "name": "[concat(parameters('factoryName'), '/ServiceNow1')]",
            "type": "Microsoft.DataFactory/factories/linkedServices",
            "apiVersion": "2018-06-01",
            "properties": {
                "annotations": [],
                "type": "ServiceNowV2",
                "typeProperties": {
                    "endpoint": "[parameters('ServiceNow1_properties_typeProperties_endpoint')]",
                    "authenticationType": "Basic",
                    "username": "[parameters('ServiceNow1_properties_typeProperties_username')]",
                    "password": {
                        "type": "SecureString",
                        "value": "[parameters('ServiceNow1_password')]"
                    }
                }
            },
            "dependsOn": []
        },
        {
            "name": "[concat(parameters('factoryName'), '/Oracle1')]",
            "type": "Microsoft.DataFactory/factories/linkedServices",
            "apiVersion": "2018-06-01",
            "properties": {
                "annotations": [],
                "type": "Oracle",
                "version": "2.0",
                "typeProperties": {
                    "server": "[parameters('Oracle1_properties_typeProperties_server')]",
                    "authenticationType": "Basic",
                    "username": "[parameters('Oracle1_properties_typeProperties_username')]",
                    "password": {
                        "type": "SecureString",
                        "value": "[parameters('Oracle1_password')]"
                    },
                    "encryptionClient": "accepted",
                    "encryptionTypesClient": "(AES128, AES192, AES256, 3DES112, 3DES168)",
                    "cryptoChecksumClient": "accepted",
                    "cryptoChecksumTypesClient": "(SHA1, SHA256, SHA384, SHA512)",
                    "traceLevel": 7,
                    "traceFileLocation": "C:\\DriverTrace"
                }
            },
            "dependsOn": []
        },
        {
            "name": "[concat(parameters('factoryName'), '/Snowflake1')]",
            "type": "Microsoft.DataFactory/factories/linkedServices",
            "apiVersion": "2018-06-01",
            "properties": {
                "annotations": [],
                "type": "SnowflakeV2",
                "typeProperties": {
                    "authenticationType": "Basic",
                    "accountIdentifier": "myorg.accoun123",
                    "user": "sxsc",
                    "database": "[parameters('Snowflake1_properties_typeProperties_database')]",
                    "warehouse": "ajbsjs",
                    "password": {
                        "type": "SecureString",
                        "value": "[parameters('Snowflake1_password')]"
                    }
                },
                "version": "1.1"
            },
            "dependsOn": []
        }
    ]
}