{
    "$schema": "http://schema.management.azure.com/schemas/2015-01-01/deploymentTemplate.json#",
    "contentVersion": "1.0.0.0",
    "parameters": {
        "factoryName": {
            "type": "string",
            "metadata": "Data Factory name",
            "defaultValue": "ADF6528406"
        },
        "storageEventTr_properties_eventriggerpl_parameters_filename": {
            "type": "string",
            "defaultValue": "@triggerBody().filename"
        },
        "storageEventTr_properties_typeProperties_scope": {
            "type": "string",
            "defaultValue": "/subscriptions/b09a5171-0177-4af1-b767-30ac9d3faeb2/resourceGroups/ADF_RG_01/providers/Microsoft.Storage/storageAccounts/storage24m64sugljolc"
        },
        "storageevent2_properties_typeProperties_scope": {
            "type": "string",
            "defaultValue": "/subscriptions/b09a5171-0177-4af1-b767-30ac9d3faeb2/resourceGroups/ADF_RG_01/providers/Microsoft.Storage/storageAccounts/storage24m64sugljolc"
        }
    },
    "variables": {
        "factoryId": "[concat('Microsoft.DataFactory/factories/', parameters('factoryName'))]"
    },
    "resources": [
        {
            "name": "[concat(parameters('factoryName'), '/HiveObject1')]",
            "type": "Microsoft.DataFactory/factories/datasets",
            "apiVersion": "2018-06-01",
            "properties": {
                "linkedServiceName": {
                    "referenceName": "Hive2",
                    "type": "LinkedServiceReference"
                },
                "annotations": [],
                "type": "HiveObject",
                "schema": [],
                "typeProperties": {
                    "schema": "SCFDBG",
                    "table": "BFCGV NB"
                }
            },
            "dependsOn": []
        },
        {
            "name": "[concat(parameters('factoryName'), '/blobbinarycopy')]",
            "type": "Microsoft.DataFactory/factories/pipelines",
            "apiVersion": "2018-06-01",
            "properties": {
                "activities": [
                    {
                        "name": "Copy_blob",
                        "type": "Copy",
                        "dependsOn": [],
                        "policy": {
                            "timeout": "0.12:00:00",
                            "retry": 0,
                            "retryIntervalInSeconds": 30,
                            "secureOutput": false,
                            "secureInput": false
                        },
                        "userProperties": [
                            {
                                "name": "Source",
                                "value": "datafactory/input/moviesDB2.csv"
                            },
                            {
                                "name": "Destination",
                                "value": "datafactory/output/"
                            }
                        ],
                        "typeProperties": {
                            "source": {
                                "type": "BinarySource",
                                "storeSettings": {
                                    "type": "AzureBlobStorageReadSettings",
                                    "recursive": true
                                },
                                "formatSettings": {
                                    "type": "BinaryReadSettings"
                                }
                            },
                            "sink": {
                                "type": "BinarySink",
                                "storeSettings": {
                                    "type": "AzureBlobStorageWriteSettings"
                                }
                            },
                            "enableStaging": false,
                            "validateDataConsistency": false
                        },
                        "inputs": [
                            {
                                "referenceName": "ds_source_binary_blob",
                                "type": "DatasetReference",
                                "parameters": {
                                    "fileN": "abc"
                                }
                            }
                        ],
                        "outputs": [
                            {
                                "referenceName": "ds_sink_binary_blob",
                                "type": "DatasetReference",
                                "parameters": {}
                            }
                        ]
                    }
                ],
                "policy": {
                    "elapsedTimeMetric": {}
                },
                "annotations": [],
                "lastPublishTime": "2025-07-07T05:57:57Z"
            },
            "dependsOn": []
        },
        {
            "name": "[concat(parameters('factoryName'), '/ForEachpipeline')]",
            "type": "Microsoft.DataFactory/factories/pipelines",
            "apiVersion": "2018-06-01",
            "properties": {
                "activities": [
                    {
                        "name": "ForEach1",
                        "type": "ForEach",
                        "dependsOn": [],
                        "userProperties": [],
                        "typeProperties": {
                            "items": {
                                "value": "@variables('Animal')",
                                "type": "Expression"
                            },
                            "activities": [
                                {
                                    "name": "Copy data1",
                                    "type": "Copy",
                                    "dependsOn": [],
                                    "policy": {
                                        "timeout": "0.12:00:00",
                                        "retry": 0,
                                        "retryIntervalInSeconds": 30,
                                        "secureOutput": false,
                                        "secureInput": false
                                    },
                                    "userProperties": [],
                                    "typeProperties": {
                                        "source": {
                                            "type": "DelimitedTextSource",
                                            "additionalColumns": [
                                                {
                                                    "name": "Animal",
                                                    "value": {
                                                        "value": "@item()",
                                                        "type": "Expression"
                                                    }
                                                }
                                            ],
                                            "storeSettings": {
                                                "type": "AzureBlobStorageReadSettings",
                                                "recursive": true,
                                                "enablePartitionDiscovery": false
                                            },
                                            "formatSettings": {
                                                "type": "DelimitedTextReadSettings"
                                            }
                                        },
                                        "sink": {
                                            "type": "DelimitedTextSink",
                                            "storeSettings": {
                                                "type": "AzureBlobStorageWriteSettings"
                                            },
                                            "formatSettings": {
                                                "type": "DelimitedTextWriteSettings",
                                                "quoteAllText": true,
                                                "fileExtension": ".txt"
                                            }
                                        },
                                        "enableStaging": false,
                                        "translator": {
                                            "type": "TabularTranslator",
                                            "mappings": [
                                                {
                                                    "source": {
                                                        "name": "movies",
                                                        "type": "String",
                                                        "physicalType": "String"
                                                    },
                                                    "sink": {
                                                        "name": "movies",
                                                        "type": "String",
                                                        "physicalType": "String"
                                                    }
                                                },
                                                {
                                                    "source": {
                                                        "name": "Title",
                                                        "type": "String",
                                                        "physicalType": "String"
                                                    },
                                                    "sink": {
                                                        "name": "Title",
                                                        "type": "String",
                                                        "physicalType": "String"
                                                    }
                                                },
                                                {
                                                    "source": {
                                                        "name": "genresgenregenre",
                                                        "type": "String",
                                                        "physicalType": "String"
                                                    },
                                                    "sink": {
                                                        "name": "genre",
                                                        "physicalType": "String"
                                                    }
                                                },
                                                {
                                                    "source": {
                                                        "name": "YEAR",
                                                        "type": "String",
                                                        "physicalType": "String"
                                                    },
                                                    "sink": {
                                                        "name": "year",
                                                        "physicalType": "String"
                                                    }
                                                },
                                                {
                                                    "source": {
                                                        "name": "Rating",
                                                        "type": "String",
                                                        "physicalType": "String"
                                                    },
                                                    "sink": {
                                                        "name": "Rating",
                                                        "type": "String",
                                                        "physicalType": "String"
                                                    }
                                                },
                                                {
                                                    "source": {
                                                        "name": "Animal",
                                                        "type": "String"
                                                    },
                                                    "sink": {
                                                        "name": "Animal",
                                                        "type": "String",
                                                        "physicalType": "String"
                                                    }
                                                }
                                            ],
                                            "typeConversion": true,
                                            "typeConversionSettings": {
                                                "allowDataTruncation": true,
                                                "treatBooleanAsNumber": false
                                            }
                                        }
                                    },
                                    "inputs": [
                                        {
                                            "referenceName": "ds_source_csv_blob",
                                            "type": "DatasetReference",
                                            "parameters": {}
                                        }
                                    ],
                                    "outputs": [
                                        {
                                            "referenceName": "ds_sink_csv_blob",
                                            "type": "DatasetReference",
                                            "parameters": {
                                                "filename": {
                                                    "value": "@item()",
                                                    "type": "Expression"
                                                }
                                            }
                                        }
                                    ]
                                }
                            ]
                        }
                    }
                ],
                "policy": {
                    "elapsedTimeMetric": {}
                },
                "variables": {
                    "Animal": {
                        "type": "Array",
                        "defaultValue": [
                            "bird",
                            "fish"
                        ]
                    }
                },
                "annotations": [],
                "lastPublishTime": "2025-07-07T05:57:57Z"
            },
            "dependsOn": []
        },
        {
            "name": "[concat(parameters('factoryName'), '/IFpipeline')]",
            "type": "Microsoft.DataFactory/factories/pipelines",
            "apiVersion": "2018-06-01",
            "properties": {
                "activities": [
                    {
                        "name": "ForEach1",
                        "type": "ForEach",
                        "dependsOn": [],
                        "userProperties": [],
                        "typeProperties": {
                            "items": {
                                "value": "@variables('emotion')",
                                "type": "Expression"
                            },
                            "isSequential": true,
                            "activities": [
                                {
                                    "name": "If Condition2",
                                    "type": "IfCondition",
                                    "dependsOn": [],
                                    "userProperties": [],
                                    "typeProperties": {
                                        "expression": {
                                            "value": "@equals(item(),'sad')",
                                            "type": "Expression"
                                        },
                                        "ifFalseActivities": [
                                            {
                                                "name": "Fail1",
                                                "type": "Fail",
                                                "dependsOn": [],
                                                "userProperties": [],
                                                "typeProperties": {
                                                    "message": "not vibing",
                                                    "errorCode": "555"
                                                }
                                            }
                                        ],
                                        "ifTrueActivities": [
                                            {
                                                "name": "Copy data1",
                                                "type": "Copy",
                                                "dependsOn": [],
                                                "policy": {
                                                    "timeout": "0.12:00:00",
                                                    "retry": 0,
                                                    "retryIntervalInSeconds": 30,
                                                    "secureOutput": false,
                                                    "secureInput": false
                                                },
                                                "userProperties": [],
                                                "typeProperties": {
                                                    "source": {
                                                        "type": "DelimitedTextSource",
                                                        "additionalColumns": [
                                                            {
                                                                "name": "Emotion",
                                                                "value": {
                                                                    "value": "@item()",
                                                                    "type": "Expression"
                                                                }
                                                            }
                                                        ],
                                                        "storeSettings": {
                                                            "type": "AzureBlobStorageReadSettings",
                                                            "recursive": true,
                                                            "enablePartitionDiscovery": false
                                                        },
                                                        "formatSettings": {
                                                            "type": "DelimitedTextReadSettings"
                                                        }
                                                    },
                                                    "sink": {
                                                        "type": "DelimitedTextSink",
                                                        "storeSettings": {
                                                            "type": "AzureBlobStorageWriteSettings"
                                                        },
                                                        "formatSettings": {
                                                            "type": "DelimitedTextWriteSettings",
                                                            "quoteAllText": true,
                                                            "fileExtension": ".txt"
                                                        }
                                                    },
                                                    "enableStaging": false,
                                                    "translator": {
                                                        "type": "TabularTranslator",
                                                        "mappings": [
                                                            {
                                                                "source": {
                                                                    "name": "movies",
                                                                    "type": "String",
                                                                    "physicalType": "String"
                                                                },
                                                                "sink": {
                                                                    "name": "movies",
                                                                    "type": "String",
                                                                    "physicalType": "String"
                                                                }
                                                            },
                                                            {
                                                                "source": {
                                                                    "name": "Title",
                                                                    "type": "String",
                                                                    "physicalType": "String"
                                                                },
                                                                "sink": {
                                                                    "name": "Title",
                                                                    "type": "String",
                                                                    "physicalType": "String"
                                                                }
                                                            },
                                                            {
                                                                "source": {
                                                                    "name": "genresgenregenre",
                                                                    "type": "String",
                                                                    "physicalType": "String"
                                                                },
                                                                "sink": {
                                                                    "name": "genres",
                                                                    "physicalType": "String"
                                                                }
                                                            },
                                                            {
                                                                "source": {
                                                                    "name": "YEAR",
                                                                    "type": "String",
                                                                    "physicalType": "String"
                                                                },
                                                                "sink": {
                                                                    "name": "YEAR",
                                                                    "type": "String",
                                                                    "physicalType": "String"
                                                                }
                                                            },
                                                            {
                                                                "source": {
                                                                    "name": "Rating",
                                                                    "type": "String",
                                                                    "physicalType": "String"
                                                                },
                                                                "sink": {
                                                                    "name": "Rating",
                                                                    "type": "String",
                                                                    "physicalType": "String"
                                                                }
                                                            },
                                                            {
                                                                "source": {
                                                                    "name": "Emotion",
                                                                    "type": "String"
                                                                },
                                                                "sink": {
                                                                    "name": "Emotion",
                                                                    "type": "String",
                                                                    "physicalType": "String"
                                                                }
                                                            }
                                                        ],
                                                        "typeConversion": true,
                                                        "typeConversionSettings": {
                                                            "allowDataTruncation": true,
                                                            "treatBooleanAsNumber": false
                                                        }
                                                    }
                                                },
                                                "inputs": [
                                                    {
                                                        "referenceName": "ds_source_csv_blob",
                                                        "type": "DatasetReference",
                                                        "parameters": {}
                                                    }
                                                ],
                                                "outputs": [
                                                    {
                                                        "referenceName": "ds_sink_csv_blob",
                                                        "type": "DatasetReference",
                                                        "parameters": {
                                                            "filename": {
                                                                "value": "@item()",
                                                                "type": "Expression"
                                                            }
                                                        }
                                                    }
                                                ]
                                            }
                                        ]
                                    }
                                }
                            ]
                        }
                    }
                ],
                "policy": {
                    "elapsedTimeMetric": {}
                },
                "parameters": {
                    "plname": {
                        "type": "string",
                        "defaultValue": "abc"
                    }
                },
                "variables": {
                    "emotion": {
                        "type": "Array",
                        "defaultValue": [
                            "happy",
                            "sad"
                        ]
                    }
                },
                "annotations": [],
                "lastPublishTime": "2025-07-07T05:57:57Z"
            },
            "dependsOn": []
        },
        {
            "name": "[concat(parameters('factoryName'), '/performancetestpl')]",
            "type": "Microsoft.DataFactory/factories/pipelines",
            "apiVersion": "2018-06-01",
            "properties": {
                "activities": [
                    {
                        "name": "Copy data1",
                        "type": "Copy",
                        "dependsOn": [],
                        "policy": {
                            "timeout": "0.12:00:00",
                            "retry": 0,
                            "retryIntervalInSeconds": 30,
                            "secureOutput": false,
                            "secureInput": false
                        },
                        "userProperties": [],
                        "typeProperties": {
                            "source": {
                                "type": "DelimitedTextSource",
                                "storeSettings": {
                                    "type": "AzureBlobStorageReadSettings",
                                    "recursive": true,
                                    "wildcardFileName": "*animal*",
                                    "enablePartitionDiscovery": false
                                },
                                "formatSettings": {
                                    "type": "DelimitedTextReadSettings"
                                }
                            },
                            "sink": {
                                "type": "ParquetSink",
                                "storeSettings": {
                                    "type": "AzureBlobFSWriteSettings"
                                },
                                "formatSettings": {
                                    "type": "ParquetWriteSettings"
                                }
                            },
                            "enableStaging": false,
                            "parallelCopies": 2,
                            "translator": {
                                "type": "TabularTranslator",
                                "typeConversion": true,
                                "typeConversionSettings": {
                                    "allowDataTruncation": true,
                                    "treatBooleanAsNumber": false
                                }
                            }
                        },
                        "inputs": [
                            {
                                "referenceName": "ds_source_csv_blob",
                                "type": "DatasetReference",
                                "parameters": {}
                            }
                        ],
                        "outputs": [
                            {
                                "referenceName": "Parquet1",
                                "type": "DatasetReference",
                                "parameters": {}
                            }
                        ]
                    }
                ],
                "policy": {
                    "elapsedTimeMetric": {}
                },
                "annotations": [],
                "lastPublishTime": "2025-07-07T05:57:57Z"
            },
            "dependsOn": []
        },
        {
            "name": "[concat(parameters('factoryName'), '/eventriggerpl')]",
            "type": "Microsoft.DataFactory/factories/pipelines",
            "apiVersion": "2018-06-01",
            "properties": {
                "activities": [
                    {
                        "name": "Copy data1",
                        "type": "Copy",
                        "dependsOn": [],
                        "policy": {
                            "timeout": "0.12:00:00",
                            "retry": 0,
                            "retryIntervalInSeconds": 30,
                            "secureOutput": false,
                            "secureInput": false
                        },
                        "userProperties": [],
                        "typeProperties": {
                            "source": {
                                "type": "BinarySource",
                                "storeSettings": {
                                    "type": "AzureBlobStorageReadSettings",
                                    "recursive": true,
                                    "modifiedDatetimeStart": null,
                                    "modifiedDatetimeEnd": null,
                                    "wildcardFileName": "*csv",
                                    "deleteFilesAfterCompletion": false
                                },
                                "formatSettings": {
                                    "type": "BinaryReadSettings"
                                }
                            },
                            "sink": {
                                "type": "BinarySink",
                                "storeSettings": {
                                    "type": "AzureBlobStorageWriteSettings"
                                }
                            },
                            "enableStaging": false
                        },
                        "inputs": [
                            {
                                "referenceName": "ds_source_binary_blob",
                                "type": "DatasetReference",
                                "parameters": {
                                    "fileN": {
                                        "value": "@pipeline().parameters.filename",
                                        "type": "Expression"
                                    }
                                }
                            }
                        ],
                        "outputs": [
                            {
                                "referenceName": "ds_sink_binary_blob",
                                "type": "DatasetReference",
                                "parameters": {}
                            }
                        ]
                    }
                ],
                "policy": {
                    "elapsedTimeMetric": {}
                },
                "parameters": {
                    "filename": {
                        "type": "string"
                    }
                },
                "annotations": [],
                "lastPublishTime": "2025-07-07T05:57:57Z"
            },
            "dependsOn": []
        },
        {
            "name": "[concat(parameters('factoryName'), '/keyvaultLS')]",
            "type": "Microsoft.DataFactory/factories/pipelines",
            "apiVersion": "2018-06-01",
            "properties": {
                "activities": [
                    {
                        "name": "Copy data1",
                        "type": "Copy",
                        "dependsOn": [],
                        "policy": {
                            "timeout": "0.12:00:00",
                            "retry": 0,
                            "retryIntervalInSeconds": 30,
                            "secureOutput": false,
                            "secureInput": false
                        },
                        "userProperties": [],
                        "typeProperties": {
                            "source": {
                                "type": "DelimitedTextSource",
                                "storeSettings": {
                                    "type": "AzureBlobStorageReadSettings",
                                    "recursive": true,
                                    "enablePartitionDiscovery": false
                                },
                                "formatSettings": {
                                    "type": "DelimitedTextReadSettings"
                                }
                            },
                            "sink": {
                                "type": "DelimitedTextSink",
                                "storeSettings": {
                                    "type": "AzureBlobStorageWriteSettings"
                                },
                                "formatSettings": {
                                    "type": "DelimitedTextWriteSettings",
                                    "quoteAllText": true,
                                    "fileExtension": ".txt"
                                }
                            },
                            "enableStaging": false,
                            "translator": {
                                "type": "TabularTranslator",
                                "typeConversion": true,
                                "typeConversionSettings": {
                                    "allowDataTruncation": true,
                                    "treatBooleanAsNumber": false
                                }
                            }
                        },
                        "inputs": [
                            {
                                "referenceName": "ds_source_csv_blob2",
                                "type": "DatasetReference",
                                "parameters": {}
                            }
                        ],
                        "outputs": [
                            {
                                "referenceName": "ds_sink_csv_blob",
                                "type": "DatasetReference",
                                "parameters": {
                                    "filename": "abc"
                                }
                            }
                        ]
                    }
                ],
                "policy": {
                    "elapsedTimeMetric": {}
                },
                "annotations": [],
                "lastPublishTime": "2025-07-07T05:57:57Z"
            },
            "dependsOn": []
        },
        {
            "name": "[concat(parameters('factoryName'), '/orchestrate blob to sql')]",
            "type": "Microsoft.DataFactory/factories/pipelines",
            "apiVersion": "2018-06-01",
            "properties": {
                "activities": [
                    {
                        "name": "Copy data1",
                        "type": "Copy",
                        "dependsOn": [],
                        "policy": {
                            "timeout": "0.12:00:00",
                            "retry": 0,
                            "retryIntervalInSeconds": 30,
                            "secureOutput": false,
                            "secureInput": false
                        },
                        "userProperties": [],
                        "typeProperties": {
                            "source": {
                                "type": "DelimitedTextSource",
                                "storeSettings": {
                                    "type": "AzureBlobStorageReadSettings",
                                    "recursive": true,
                                    "enablePartitionDiscovery": false
                                },
                                "formatSettings": {
                                    "type": "DelimitedTextReadSettings"
                                }
                            },
                            "sink": {
                                "type": "AzureSqlSink",
                                "writeBehavior": "insert",
                                "sqlWriterUseTableLock": false
                            },
                            "enableStaging": false,
                            "translator": {
                                "type": "TabularTranslator",
                                "typeConversion": true,
                                "typeConversionSettings": {
                                    "allowDataTruncation": true,
                                    "treatBooleanAsNumber": false
                                }
                            }
                        },
                        "inputs": [
                            {
                                "referenceName": "DelimitedText3",
                                "type": "DatasetReference",
                                "parameters": {}
                            }
                        ],
                        "outputs": [
                            {
                                "referenceName": "AzureSqlTable1",
                                "type": "DatasetReference",
                                "parameters": {}
                            }
                        ]
                    }
                ],
                "policy": {
                    "elapsedTimeMetric": {}
                },
                "annotations": [],
                "lastPublishTime": "2025-07-07T05:57:59Z"
            },
            "dependsOn": []
        },
        {
            "name": "[concat(parameters('factoryName'), '/pipeline3')]",
            "type": "Microsoft.DataFactory/factories/pipelines",
            "apiVersion": "2018-06-01",
            "properties": {
                "activities": [
                    {
                        "name": "Copy data1",
                        "type": "Copy",
                        "dependsOn": [],
                        "policy": {
                            "timeout": "0.12:00:00",
                            "retry": 0,
                            "retryIntervalInSeconds": 30,
                            "secureOutput": false,
                            "secureInput": false
                        },
                        "userProperties": [],
                        "typeProperties": {
                            "source": {
                                "type": "BinarySource",
                                "storeSettings": {
                                    "type": "AzureBlobFSReadSettings",
                                    "recursive": true
                                },
                                "formatSettings": {
                                    "type": "BinaryReadSettings"
                                }
                            },
                            "sink": {
                                "type": "BinarySink",
                                "storeSettings": {
                                    "type": "AzureBlobStorageWriteSettings"
                                }
                            },
                            "enableStaging": false
                        },
                        "inputs": [
                            {
                                "referenceName": "Binary1",
                                "type": "DatasetReference",
                                "parameters": {}
                            }
                        ],
                        "outputs": [
                            {
                                "referenceName": "ds_sink_binary_blob",
                                "type": "DatasetReference",
                                "parameters": {}
                            }
                        ]
                    }
                ],
                "policy": {
                    "elapsedTimeMetric": {}
                },
                "annotations": [],
                "lastPublishTime": "2025-07-07T05:57:57Z"
            },
            "dependsOn": []
        },
        {
            "name": "[concat(parameters('factoryName'), '/pipeline4')]",
            "type": "Microsoft.DataFactory/factories/pipelines",
            "apiVersion": "2018-06-01",
            "properties": {
                "activities": [
                    {
                        "name": "Copy data1",
                        "type": "Copy",
                        "dependsOn": [],
                        "policy": {
                            "timeout": "0.12:00:00",
                            "retry": 0,
                            "retryIntervalInSeconds": 30,
                            "secureOutput": false,
                            "secureInput": false
                        },
                        "userProperties": [],
                        "typeProperties": {
                            "source": {
                                "type": "DelimitedTextSource",
                                "storeSettings": {
                                    "type": "AzureBlobStorageReadSettings",
                                    "recursive": true,
                                    "enablePartitionDiscovery": false
                                },
                                "formatSettings": {
                                    "type": "DelimitedTextReadSettings"
                                }
                            },
                            "sink": {
                                "type": "AzureSqlSink",
                                "writeBehavior": "insert",
                                "sqlWriterUseTableLock": false
                            },
                            "enableStaging": false,
                            "translator": {
                                "type": "TabularTranslator",
                                "typeConversion": true,
                                "typeConversionSettings": {
                                    "allowDataTruncation": true,
                                    "treatBooleanAsNumber": false
                                }
                            }
                        },
                        "inputs": [
                            {
                                "referenceName": "ds_source_csv_blob",
                                "type": "DatasetReference",
                                "parameters": {}
                            }
                        ],
                        "outputs": [
                            {
                                "referenceName": "AzureSqlTable1",
                                "type": "DatasetReference",
                                "parameters": {}
                            }
                        ]
                    }
                ],
                "policy": {
                    "elapsedTimeMetric": {}
                },
                "annotations": [],
                "lastPublishTime": "2025-07-07T05:57:59Z"
            },
            "dependsOn": []
        },
        {
            "name": "[concat(parameters('factoryName'), '/pipeline8')]",
            "type": "Microsoft.DataFactory/factories/pipelines",
            "apiVersion": "2018-06-01",
            "properties": {
                "activities": [
                    {
                        "name": "Custom1",
                        "type": "Custom",
                        "dependsOn": [],
                        "policy": {
                            "timeout": "0.12:00:00",
                            "retry": 0,
                            "retryIntervalInSeconds": 30,
                            "secureOutput": false,
                            "secureInput": false
                        },
                        "userProperties": [],
                        "typeProperties": {
                            "command": "aaa",
                            "resourceLinkedService": {
                                "referenceName": "AzureBlobStorage1",
                                "type": "LinkedServiceReference"
                            },
                            "folderPath": "datafactory",
                            "referenceObjects": {
                                "linkedServices": [
                                    {
                                        "referenceName": "AzureBlobStorage2",
                                        "type": "LinkedServiceReference",
                                        "parameters": {}
                                    }
                                ],
                                "datasets": []
                            },
                            "resourceFiles": [
                                {
                                    "httpUrl": "https://abc.blob.core.windows.net/datafactory/addTestFailure/common_extractor.py",
                                    "filePath": "common_extractor.py"
                                },
                                {
                                    "httpUrl": "https://abc.blob.core.windows.net/datafactory/addTestFailure/helper_module.py",
                                    "filePath": "helper_module.py"
                                }
                            ]
                        },
                        "linkedServiceName": {
                            "referenceName": "AzureBatch1",
                            "type": "LinkedServiceReference"
                        }
                    }
                ],
                "policy": {
                    "elapsedTimeMetric": {}
                },
                "annotations": [],
                "lastPublishTime": "2025-07-09T00:39:06Z"
            },
            "dependsOn": []
        },
        {
            "name": "[concat(parameters('factoryName'), '/pipeline10')]",
            "type": "Microsoft.DataFactory/factories/pipelines",
            "apiVersion": "2018-06-01",
            "properties": {
                "activities": [
                    {
                        "name": "Lookup1",
                        "type": "Lookup",
                        "dependsOn": [],
                        "policy": {
                            "timeout": "0.12:00:00",
                            "retry": 0,
                            "retryIntervalInSeconds": 30,
                            "secureOutput": false,
                            "secureInput": false
                        },
                        "userProperties": [],
                        "typeProperties": {
                            "source": {
                                "type": "OdbcSource",
                                "query": "SELECT * FROM INFORMATION_SCHEMA.PARAMETERS\nORDER BY SPECIFIC_NAME\nOFFSET 0 ROWS FETCH NEXT 10 ROWS ONLY;",
                                "queryTimeout": "02:00:00"
                            },
                            "dataset": {
                                "referenceName": "OdbcTable1",
                                "type": "DatasetReference",
                                "parameters": {}
                            }
                        }
                    }
                ],
                "policy": {
                    "elapsedTimeMetric": {}
                },
                "annotations": [],
                "lastPublishTime": "2025-07-31T02:35:08Z"
            },
            "dependsOn": []
        },
        {
            "name": "[concat(parameters('factoryName'), '/pipeline15')]",
            "type": "Microsoft.DataFactory/factories/pipelines",
            "apiVersion": "2018-06-01",
            "properties": {
                "activities": [
                    {
                        "name": "Copy data1",
                        "type": "Copy",
                        "dependsOn": [],
                        "policy": {
                            "timeout": "0.12:00:00",
                            "retry": 0,
                            "retryIntervalInSeconds": 30,
                            "secureOutput": false,
                            "secureInput": false
                        },
                        "userProperties": [],
                        "typeProperties": {
                            "source": {
                                "type": "OdbcSource",
                                "queryTimeout": "02:00:00"
                            },
                            "sink": {
                                "type": "DelimitedTextSink",
                                "storeSettings": {
                                    "type": "AzureBlobStorageWriteSettings"
                                },
                                "formatSettings": {
                                    "type": "DelimitedTextWriteSettings",
                                    "quoteAllText": true,
                                    "fileExtension": ".txt"
                                }
                            },
                            "enableStaging": false,
                            "translator": {
                                "type": "TabularTranslator",
                                "typeConversion": true,
                                "typeConversionSettings": {
                                    "allowDataTruncation": true,
                                    "treatBooleanAsNumber": false
                                }
                            }
                        },
                        "inputs": [
                            {
                                "referenceName": "OdbcTable2",
                                "type": "DatasetReference",
                                "parameters": {}
                            }
                        ],
                        "outputs": [
                            {
                                "referenceName": "DelimitedText4",
                                "type": "DatasetReference",
                                "parameters": {}
                            }
                        ]
                    },
                    {
                        "name": "Lookup1",
                        "type": "Lookup",
                        "dependsOn": [
                            {
                                "activity": "Get Job Step Package Params per Job Step",
                                "dependencyConditions": [
                                    "Succeeded"
                                ]
                            }
                        ],
                        "policy": {
                            "timeout": "0.12:00:00",
                            "retry": 0,
                            "retryIntervalInSeconds": 30,
                            "secureOutput": false,
                            "secureInput": false
                        },
                        "userProperties": [],
                        "typeProperties": {
                            "source": {
                                "type": "MySqlSource",
                                "query": {
                                    "value": "SELECT `@{activity('Get Job Step Package Params per Job Step').output.firstRow.dbms_name}` FROM users;\n",
                                    "type": "Expression"
                                }
                            },
                            "dataset": {
                                "referenceName": "MySqlTable1",
                                "type": "DatasetReference",
                                "parameters": {}
                            }
                        }
                    },
                    {
                        "name": "Get Job Step Package Params per Job Step",
                        "type": "Lookup",
                        "dependsOn": [],
                        "policy": {
                            "timeout": "0.12:00:00",
                            "retry": 0,
                            "retryIntervalInSeconds": 30,
                            "secureOutput": false,
                            "secureInput": false
                        },
                        "userProperties": [],
                        "typeProperties": {
                            "source": {
                                "type": "AzureSqlSource",
                                "queryTimeout": "02:00:00",
                                "partitionOption": "None"
                            },
                            "dataset": {
                                "referenceName": "AzureSqlTable1",
                                "type": "DatasetReference",
                                "parameters": {}
                            }
                        }
                    }
                ],
                "policy": {
                    "elapsedTimeMetric": {}
                },
                "annotations": [],
                "lastPublishTime": "2025-09-19T08:28:10Z"
            },
            "dependsOn": []
        },
        {
            "name": "[concat(parameters('factoryName'), '/pipeline16')]",
            "type": "Microsoft.DataFactory/factories/pipelines",
            "apiVersion": "2018-06-01",
            "properties": {
                "activities": [
                    {
                        "name": "Copy data1",
                        "type": "Copy",
                        "dependsOn": [],
                        "policy": {
                            "timeout": "0.12:00:00",
                            "retry": 0,
                            "retryIntervalInSeconds": 30,
                            "secureOutput": false,
                            "secureInput": false
                        },
                        "userProperties": [],
                        "typeProperties": {
                            "source": {
                                "type": "MySqlSource",
                                "query": {
                                    "value": "SELECT * FROM dummy_table WHERE created_at IS NOT NULL;\n",
                                    "type": "Expression"
                                }
                            },
                            "sink": {
                                "type": "DelimitedTextSink",
                                "storeSettings": {
                                    "type": "AzureBlobFSWriteSettings"
                                },
                                "formatSettings": {
                                    "type": "DelimitedTextWriteSettings",
                                    "quoteAllText": true,
                                    "fileExtension": ""
                                }
                            },
                            "enableStaging": false,
                            "translator": {
                                "type": "TabularTranslator",
                                "typeConversion": true,
                                "typeConversionSettings": {
                                    "allowDataTruncation": true,
                                    "treatBooleanAsNumber": false
                                }
                            }
                        },
                        "inputs": [
                            {
                                "referenceName": "MySqlTable1",
                                "type": "DatasetReference",
                                "parameters": {}
                            }
                        ],
                        "outputs": [
                            {
                                "referenceName": "DelimitedText1",
                                "type": "DatasetReference",
                                "parameters": {}
                            }
                        ]
                    },
                    {
                        "name": "Copy data2",
                        "type": "Copy",
                        "dependsOn": [],
                        "policy": {
                            "timeout": "0.12:00:00",
                            "retry": 0,
                            "retryIntervalInSeconds": 30,
                            "secureOutput": false,
                            "secureInput": false
                        },
                        "userProperties": [],
                        "typeProperties": {
                            "source": {
                                "type": "OdbcSource",
                                "query": {
                                    "value": "SELECT DATE_FORMAT(created_at, '%Y-%m-%d %H:%i:%s') AS created_at FROM dummy_table;\n",
                                    "type": "Expression"
                                },
                                "queryTimeout": "02:00:00"
                            },
                            "sink": {
                                "type": "AzureSqlSink",
                                "writeBehavior": "insert",
                                "sqlWriterUseTableLock": false
                            },
                            "enableStaging": false,
                            "translator": {
                                "type": "TabularTranslator",
                                "typeConversion": true,
                                "typeConversionSettings": {
                                    "allowDataTruncation": true,
                                    "treatBooleanAsNumber": false
                                }
                            }
                        },
                        "inputs": [
                            {
                                "referenceName": "OdbcTable3",
                                "type": "DatasetReference",
                                "parameters": {}
                            }
                        ],
                        "outputs": [
                            {
                                "referenceName": "AzureSqlTable1",
                                "type": "DatasetReference",
                                "parameters": {}
                            }
                        ]
                    }
                ],
                "policy": {
                    "elapsedTimeMetric": {}
                },
                "annotations": [],
                "lastPublishTime": "2025-09-23T06:22:59Z"
            },
            "dependsOn": []
        },
        {
            "name": "[concat(parameters('factoryName'), '/pipeline18')]",
            "type": "Microsoft.DataFactory/factories/pipelines",
            "apiVersion": "2018-06-01",
            "properties": {
                "activities": [
                    {
                        "name": "Data flow1",
                        "type": "ExecuteDataFlow",
                        "dependsOn": [],
                        "policy": {
                            "timeout": "0.12:00:00",
                            "retry": 0,
                            "retryIntervalInSeconds": 30,
                            "secureOutput": false,
                            "secureInput": false
                        },
                        "userProperties": [],
                        "typeProperties": {
                            "dataflow": {
                                "referenceName": "dataflow2",
                                "type": "DataFlowReference",
                                "parameters": {},
                                "datasetParameters": {
                                    "source1": {},
                                    "sink1": {}
                                }
                            },
                            "staging": {},
                            "compute": {
                                "coreCount": 8,
                                "computeType": "General"
                            },
                            "traceLevel": "Fine"
                        }
                    }
                ],
                "policy": {
                    "elapsedTimeMetric": {}
                },
                "annotations": [],
                "lastPublishTime": "2025-09-30T06:47:25Z"
            },
            "dependsOn": []
        },
        {
            "name": "[concat(parameters('factoryName'), '/dataflow1')]",
            "type": "Microsoft.DataFactory/factories/dataflows",
            "apiVersion": "2018-06-01",
            "properties": {
                "type": "MappingDataFlow",
                "typeProperties": {
                    "sources": [
                        {
                            "dataset": {
                                "referenceName": "ds_source_csv_blob",
                                "type": "DatasetReference"
                            },
                            "name": "source1"
                        }
                    ],
                    "sinks": [
                        {
                            "dataset": {
                                "referenceName": "ds_sink_csv_blob",
                                "type": "DatasetReference"
                            },
                            "name": "sink1"
                        }
                    ],
                    "transformations": [
                        {
                            "name": "derivedColumn1"
                        },
                        {
                            "name": "sort1"
                        },
                        {
                            "name": "filter1"
                        }
                    ],
                    "scriptLines": [
                        "source(output(",
                        "          movies as string,",
                        "          Title as string,",
                        "          genresgenregenre as string,",
                        "          YEAR as string,",
                        "          Rating as string",
                        "     ),",
                        "     allowSchemaDrift: false,",
                        "     validateSchema: false,",
                        "     ignoreNoFilesFound: false) ~> source1",
                        "source1 derive(Rate = iif(Rating > '4', 'Good', 'Bad')) ~> derivedColumn1",
                        "derivedColumn1 sort(desc(Rating, true)) ~> sort1",
                        "sort1 filter(instr(lower(genresgenregenre), 'comedy') > 0) ~> filter1",
                        "filter1 sink(allowSchemaDrift: true,",
                        "     validateSchema: false,",
                        "     input(",
                        "          movies as string,",
                        "          Title as string,",
                        "          genresgenregenre as string,",
                        "          YEAR as string,",
                        "          Rating as string",
                        "     ),",
                        "     skipDuplicateMapInputs: true,",
                        "     skipDuplicateMapOutputs: true) ~> sink1"
                    ]
                }
            },
            "dependsOn": []
        },
        {
            "name": "[concat(parameters('factoryName'), '/storageEventTr')]",
            "type": "Microsoft.DataFactory/factories/triggers",
            "apiVersion": "2018-06-01",
            "properties": {
                "annotations": [],
                "runtimeState": "Stopped",
                "pipelines": [
                    {
                        "pipelineReference": {
                            "referenceName": "eventriggerpl",
                            "type": "PipelineReference"
                        },
                        "parameters": {
                            "filename": "[parameters('storageEventTr_properties_eventriggerpl_parameters_filename')]"
                        }
                    }
                ],
                "type": "BlobEventsTrigger",
                "typeProperties": {
                    "blobPathBeginsWith": "/datafactory/blobs/input2",
                    "blobPathEndsWith": "moviesDB2.csv",
                    "ignoreEmptyBlobs": false,
                    "scope": "[parameters('storageEventTr_properties_typeProperties_scope')]",
                    "events": [
                        "Microsoft.Storage.BlobCreated"
                    ]
                }
            },
            "dependsOn": [
                "[concat(variables('factoryId'), '/pipelines/eventriggerpl')]"
            ]
        },
        {
            "name": "[concat(parameters('factoryName'), '/scheduledtrigger')]",
            "type": "Microsoft.DataFactory/factories/triggers",
            "apiVersion": "2018-06-01",
            "properties": {
                "annotations": [],
                "runtimeState": "Stopped",
                "pipelines": [
                    {
                        "pipelineReference": {
                            "referenceName": "ForEachpipeline",
                            "type": "PipelineReference"
                        },
                        "parameters": {}
                    }
                ],
                "type": "ScheduleTrigger",
                "typeProperties": {
                    "recurrence": {
                        "frequency": "Day",
                        "interval": 1,
                        "startTime": "2025-04-25T03:43:00",
                        "endTime": "2025-04-25T14:00:00",
                        "timeZone": "Singapore Standard Time",
                        "schedule": {
                            "minutes": [
                                30
                            ],
                            "hours": [
                                12
                            ]
                        }
                    }
                }
            },
            "dependsOn": [
                "[concat(variables('factoryId'), '/pipelines/ForEachpipeline')]"
            ]
        },
        {
            "name": "[concat(parameters('factoryName'), '/storageevent2')]",
            "type": "Microsoft.DataFactory/factories/triggers",
            "apiVersion": "2018-06-01",
            "properties": {
                "annotations": [],
                "runtimeState": "Stopped",
                "pipelines": [
                    {
                        "pipelineReference": {
                            "referenceName": "eventriggerpl",
                            "type": "PipelineReference"
                        },
                        "parameters": {}
                    }
                ],
                "type": "BlobEventsTrigger",
                "typeProperties": {
                    "blobPathBeginsWith": "/datafactory/blobs/input3",
                    "blobPathEndsWith": "moviesDB2.csv",
                    "ignoreEmptyBlobs": false,
                    "scope": "[parameters('storageevent2_properties_typeProperties_scope')]",
                    "events": [
                        "Microsoft.Storage.BlobCreated"
                    ]
                }
            },
            "dependsOn": [
                "[concat(variables('factoryId'), '/pipelines/eventriggerpl')]"
            ]
        },
        {
            "name": "[concat(parameters('factoryName'), '/trigger1')]",
            "type": "Microsoft.DataFactory/factories/triggers",
            "apiVersion": "2018-06-01",
            "properties": {
                "annotations": [],
                "runtimeState": "Stopped",
                "pipelines": [
                    {
                        "pipelineReference": {
                            "referenceName": "pipeline15",
                            "type": "PipelineReference"
                        },
                        "parameters": {}
                    }
                ],
                "type": "ScheduleTrigger",
                "typeProperties": {
                    "recurrence": {
                        "frequency": "Minute",
                        "interval": 5,
                        "startTime": "2025-05-13T07:59:00",
                        "timeZone": "Singapore Standard Time"
                    }
                }
            },
            "dependsOn": [
                "[concat(variables('factoryId'), '/pipelines/pipeline15')]"
            ]
        }
    ]
}