{
    "$schema": "http://schema.management.azure.com/schemas/2015-01-01/deploymentTemplate.json#",
    "contentVersion": "1.0.0.0",
    "parameters": {
        "factoryName": {
            "type": "string",
            "metadata": "Data Factory name",
            "defaultValue": "ADF6528406"
        },
        "RestService1_password": {
            "type": "secureString",
            "metadata": "Secure string for 'password' of 'RestService1'"
        },
        "Teradata1_password": {
            "type": "secureString",
            "metadata": "Secure string for 'password' of 'Teradata1'"
        },
        "FileServer1_password": {
            "type": "secureString",
            "metadata": "Secure string for 'password' of 'FileServer1'"
        },
        "MongoDb1_connectionString": {
            "type": "secureString",
            "metadata": "Secure string for 'connectionString' of 'MongoDb1'"
        },
        "MongoDbAtlas1_connectionString": {
            "type": "secureString",
            "metadata": "Secure string for 'connectionString' of 'MongoDbAtlas1'"
        },
        "AzureSqlDatabase3_connectionString": {
            "type": "secureString",
            "metadata": "Secure string for 'connectionString' of 'AzureSqlDatabase3'"
        },
        "RestService1_properties_typeProperties_url": {
            "type": "string",
            "defaultValue": "httpshsiaojxsakx"
        },
        "RestService1_properties_typeProperties_userName": {
            "type": "string",
            "defaultValue": "qwerf"
        },
        "Teradata1_properties_typeProperties_server": {
            "type": "string",
            "defaultValue": "dadadad"
        },
        "Teradata1_properties_typeProperties_username": {
            "type": "string",
            "defaultValue": "dwdqw"
        },
        "FileServer1_properties_typeProperties_host": {
            "type": "string",
            "defaultValue": "storagename.dfs.hsdbhw.wbjs"
        },
        "FileServer1_properties_typeProperties_userId": {
            "type": "string",
            "defaultValue": "sdvfbgnhm"
        },
        "MongoDb1_properties_typeProperties_database": {
            "type": "string",
            "defaultValue": " SKXKA xKA X;ka "
        },
        "MongoDbAtlas1_properties_typeProperties_database": {
            "type": "string",
            "defaultValue": "kcmks ckl;mdzkc sc"
        }
    },
    "variables": {
        "factoryId": "[concat('Microsoft.DataFactory/factories/', parameters('factoryName'))]"
    },
    "resources": [
        {
            "name": "[concat(parameters('factoryName'), '/RestService1')]",
            "type": "Microsoft.DataFactory/factories/linkedServices",
            "apiVersion": "2018-06-01",
            "properties": {
                "annotations": [],
                "type": "RestService",
                "typeProperties": {
                    "url": "[parameters('RestService1_properties_typeProperties_url')]",
                    "enableServerCertificateValidation": true,
                    "authenticationType": "Basic",
                    "userName": "[parameters('RestService1_properties_typeProperties_userName')]",
                    "password": {
                        "type": "SecureString",
                        "value": "[parameters('RestService1_password')]"
                    }
                }
            },
            "dependsOn": []
        },
        {
            "name": "[concat(parameters('factoryName'), '/Teradata1')]",
            "type": "Microsoft.DataFactory/factories/linkedServices",
            "apiVersion": "2018-06-01",
            "properties": {
                "annotations": [],
                "type": "Teradata",
                "version": "2.0",
                "typeProperties": {
                    "server": "[parameters('Teradata1_properties_typeProperties_server')]",
                    "authenticationType": "Basic",
                    "username": "[parameters('Teradata1_properties_typeProperties_username')]",
                    "password": {
                        "type": "SecureString",
                        "value": "[parameters('Teradata1_password')]"
                    },
                    "sslMode": "Prefer"
                }
            },
            "dependsOn": []
        },
        {
            "name": "[concat(parameters('factoryName'), '/FileServer1')]",
            "type": "Microsoft.DataFactory/factories/linkedServices",
            "apiVersion": "2018-06-01",
            "properties": {
                "annotations": [],
                "type": "FileServer",
                "typeProperties": {
                    "host": "[parameters('FileServer1_properties_typeProperties_host')]",
                    "userId": "[parameters('FileServer1_properties_typeProperties_userId')]",
                    "password": {
                        "type": "SecureString",
                        "value": "[parameters('FileServer1_password')]"
                    }
                }
            },
            "dependsOn": []
        },
        {
            "name": "[concat(parameters('factoryName'), '/MongoDb1')]",
            "type": "Microsoft.DataFactory/factories/linkedServices",
            "apiVersion": "2018-06-01",
            "properties": {
                "annotations": [],
                "type": "MongoDbV2",
                "typeProperties": {
                    "connectionString": "[parameters('MongoDb1_connectionString')]",
                    "database": "[parameters('MongoDb1_properties_typeProperties_database')]"
                }
            },
            "dependsOn": []
        },
        {
            "name": "[concat(parameters('factoryName'), '/MongoDbAtlas1')]",
            "type": "Microsoft.DataFactory/factories/linkedServices",
            "apiVersion": "2018-06-01",
            "properties": {
                "annotations": [],
                "type": "MongoDbAtlas",
                "typeProperties": {
                    "connectionString": "[parameters('MongoDbAtlas1_connectionString')]",
                    "database": "[parameters('MongoDbAtlas1_properties_typeProperties_database')]",
                    "driverVersion": "v2"
                }
            },
            "dependsOn": []
        },
        {
            "name": "[concat(parameters('factoryName'), '/AzureSqlDatabase3')]",
            "type": "Microsoft.DataFactory/factories/linkedServices",
            "apiVersion": "2018-06-01",
            "properties": {
                "annotations": [],
                "type": "AzureSqlDatabase",
                "typeProperties": {
                    "connectionString": "[parameters('AzureSqlDatabase3_connectionString')]"
                }
            },
            "dependsOn": []
        },
        {
            "name": "[concat(parameters('factoryName'), '/Untilpipeline')]",
            "type": "Microsoft.DataFactory/factories/pipelines",
            "apiVersion": "2018-06-01",
            "properties": {
                "activities": [
                    {
                        "name": "Until1",
                        "type": "Until",
                        "dependsOn": [],
                        "userProperties": [],
                        "typeProperties": {
                            "expression": {
                                "value": "@equals('Failed', coalesce(body('MyUnauthenticatedActivity')?.status, actions('MyUnauthenticatedActivity')?.status, 'null'))",
                                "type": "Expression"
                            },
                            "activities": [
                                {
                                    "name": "MyUnauthenticatedActivity",
                                    "type": "WebActivity",
                                    "dependsOn": [],
                                    "policy": {
                                        "timeout": "0.12:00:00",
                                        "retry": 0,
                                        "retryIntervalInSeconds": 30,
                                        "secureOutput": false,
                                        "secureInput": false
                                    },
                                    "userProperties": [],
                                    "typeProperties": {
                                        "method": "GET",
                                        "headers": {
                                            "Content-Type": "application/json"
                                        },
                                        "url": "https://www.fake.com/"
                                    }
                                },
                                {
                                    "name": "Wait1",
                                    "type": "Wait",
                                    "dependsOn": [
                                        {
                                            "activity": "MyUnauthenticatedActivity",
                                            "dependencyConditions": [
                                                "Succeeded"
                                            ]
                                        }
                                    ],
                                    "userProperties": [],
                                    "typeProperties": {
                                        "waitTimeInSeconds": 3
                                    }
                                }
                            ],
                            "timeout": "0.00:01:00"
                        }
                    }
                ],
                "policy": {
                    "elapsedTimeMetric": {}
                },
                "annotations": [],
                "lastPublishTime": "2025-07-07T05:57:56Z"
            },
            "dependsOn": []
        },
        {
            "name": "[concat(parameters('factoryName'), '/pipeline2')]",
            "type": "Microsoft.DataFactory/factories/pipelines",
            "apiVersion": "2018-06-01",
            "properties": {
                "activities": [
                    {
                        "name": "Wait_updated2",
                        "type": "Wait",
                        "dependsOn": [],
                        "userProperties": [],
                        "typeProperties": {
                            "waitTimeInSeconds": 9
                        }
                    },
                    {
                        "name": "Custom1",
                        "type": "Custom",
                        "state": "Inactive",
                        "onInactiveMarkAs": "Succeeded",
                        "dependsOn": [],
                        "policy": {
                            "timeout": "0.12:00:00",
                            "retry": 0,
                            "retryIntervalInSeconds": 30,
                            "secureOutput": false,
                            "secureInput": false
                        },
                        "userProperties": [],
                        "typeProperties": {
                            "referenceObjects": {
                                "linkedServices": [],
                                "datasets": []
                            }
                        }
                    }
                ],
                "policy": {
                    "elapsedTimeMetric": {}
                },
                "annotations": [],
                "lastPublishTime": "2025-07-07T05:57:56Z"
            },
            "dependsOn": []
        },
        {
            "name": "[concat(parameters('factoryName'), '/pipeline6')]",
            "type": "Microsoft.DataFactory/factories/pipelines",
            "apiVersion": "2018-06-01",
            "properties": {
                "activities": [
                    {
                        "name": "Wait1",
                        "type": "Wait",
                        "dependsOn": [],
                        "userProperties": [],
                        "typeProperties": {
                            "waitTimeInSeconds": 1
                        }
                    }
                ],
                "policy": {
                    "elapsedTimeMetric": {}
                },
                "parameters": {
                    "CName": {
                        "type": "array"
                    }
                },
                "variables": {
                    "fpl": {
                        "type": "String"
                    },
                    "FilePathList": {
                        "type": "Array"
                    }
                },
                "annotations": [],
                "lastPublishTime": "2025-07-07T05:57:56Z"
            },
            "dependsOn": []
        },
        {
            "name": "[concat(parameters('factoryName'), '/testCI')]",
            "type": "Microsoft.DataFactory/factories/pipelines",
            "apiVersion": "2018-06-01",
            "properties": {
                "activities": [
                    {
                        "name": "Set variable1",
                        "type": "SetVariable",
                        "dependsOn": [],
                        "policy": {
                            "secureOutput": false,
                            "secureInput": false
                        },
                        "userProperties": [],
                        "typeProperties": {
                            "variableName": "varmth",
                            "value": {
                                "value": "@pipeline().parameters.mth",
                                "type": "Expression"
                            }
                        }
                    }
                ],
                "policy": {
                    "elapsedTimeMetric": {}
                },
                "parameters": {
                    "mth": {
                        "type": "int",
                        "defaultValue": 1
                    }
                },
                "variables": {
                    "varmth": {
                        "type": "Integer"
                    }
                },
                "annotations": [],
                "lastPublishTime": "2025-07-07T05:57:56Z"
            },
            "dependsOn": []
        },
        {
            "name": "[concat(parameters('factoryName'), '/pipeline1')]",
            "type": "Microsoft.DataFactory/factories/pipelines",
            "apiVersion": "2018-06-01",
            "properties": {
                "activities": [
                    {
                        "name": "Wait1",
                        "type": "Wait",
                        "dependsOn": [],
                        "userProperties": [],
                        "typeProperties": {
                            "waitTimeInSeconds": 13
                        }
                    }
                ],
                "policy": {
                    "elapsedTimeMetric": {}
                },
                "annotations": [],
                "lastPublishTime": "2025-07-07T05:57:56Z"
            },
            "dependsOn": []
        },
        {
            "name": "[concat(parameters('factoryName'), '/Parquet1')]",
            "type": "Microsoft.DataFactory/factories/datasets",
            "apiVersion": "2018-06-01",
            "properties": {
                "linkedServiceName": {
                    "referenceName": "AzureDataLakeStorage1",
                    "type": "LinkedServiceReference"
                },
                "annotations": [],
                "type": "Parquet",
                "typeProperties": {
                    "location": {
                        "type": "AzureBlobFSLocation",
                        "folderPath": "output",
                        "fileSystem": "datafactory"
                    },
                    "compressionCodec": "snappy"
                },
                "schema": []
            },
            "dependsOn": []
        },
        {
            "name": "[concat(parameters('factoryName'), '/DelimitedText1')]",
            "type": "Microsoft.DataFactory/factories/datasets",
            "apiVersion": "2018-06-01",
            "properties": {
                "linkedServiceName": {
                    "referenceName": "AzureDataLakeStorage2",
                    "type": "LinkedServiceReference",
                    "parameters": {
                        "linkServiceURL": "https://storage24m64sugljolc.dfs.core.windows.net"
                    }
                },
                "annotations": [],
                "type": "DelimitedText",
                "typeProperties": {
                    "location": {
                        "type": "AzureBlobFSLocation",
                        "fileSystem": "adf"
                    },
                    "columnDelimiter": ",",
                    "escapeChar": "\\",
                    "firstRowAsHeader": true,
                    "quoteChar": "\""
                },
                "schema": [
                    {
                        "name": "movies",
                        "type": "String"
                    },
                    {
                        "name": "Title",
                        "type": "String"
                    },
                    {
                        "name": "genresgenregenre",
                        "type": "String"
                    },
                    {
                        "name": "YEAR",
                        "type": "String"
                    },
                    {
                        "name": "Rating",
                        "type": "String"
                    }
                ]
            },
            "dependsOn": []
        },
        {
            "name": "[concat(parameters('factoryName'), '/ds_source_csv_blob2')]",
            "type": "Microsoft.DataFactory/factories/datasets",
            "apiVersion": "2018-06-01",
            "properties": {
                "linkedServiceName": {
                    "referenceName": "AzureBlobStorage2",
                    "type": "LinkedServiceReference"
                },
                "annotations": [],
                "type": "DelimitedText",
                "typeProperties": {
                    "location": {
                        "type": "AzureBlobStorageLocation",
                        "fileName": "moviesDB2.csv",
                        "folderPath": "input",
                        "container": "adf"
                    },
                    "columnDelimiter": ",",
                    "escapeChar": "\\",
                    "firstRowAsHeader": true,
                    "quoteChar": "\""
                },
                "schema": [
                    {
                        "name": "movies",
                        "type": "String"
                    },
                    {
                        "name": "Title",
                        "type": "String"
                    },
                    {
                        "name": "genresgenregenre",
                        "type": "String"
                    },
                    {
                        "name": "YEAR",
                        "type": "String"
                    },
                    {
                        "name": "Rating",
                        "type": "String"
                    }
                ]
            },
            "dependsOn": []
        },
        {
            "name": "[concat(parameters('factoryName'), '/DelimitedText2')]",
            "type": "Microsoft.DataFactory/factories/datasets",
            "apiVersion": "2018-06-01",
            "properties": {
                "linkedServiceName": {
                    "referenceName": "AzureBlobStorage2",
                    "type": "LinkedServiceReference"
                },
                "annotations": [],
                "type": "DelimitedText",
                "typeProperties": {
                    "location": {
                        "type": "AzureBlobStorageLocation",
                        "container": "datafactory"
                    },
                    "columnDelimiter": ",",
                    "escapeChar": "\\",
                    "firstRowAsHeader": true,
                    "quoteChar": "\""
                },
                "schema": []
            },
            "dependsOn": []
        },
        {
            "name": "[concat(parameters('factoryName'), '/DelimitedText3')]",
            "type": "Microsoft.DataFactory/factories/datasets",
            "apiVersion": "2018-06-01",
            "properties": {
                "linkedServiceName": {
                    "referenceName": "AzureBlobStorageAzureIR",
                    "type": "LinkedServiceReference"
                },
                "annotations": [],
                "type": "DelimitedText",
                "typeProperties": {
                    "location": {
                        "type": "AzureBlobStorageLocation",
                        "fileName": "no2",
                        "folderPath": "testingmysql",
                        "container": "adf"
                    },
                    "columnDelimiter": ",",
                    "escapeChar": "\\",
                    "firstRowAsHeader": true,
                    "quoteChar": "\""
                },
                "schema": []
            },
            "dependsOn": []
        },
        {
            "name": "[concat(parameters('factoryName'), '/Binary1')]",
            "type": "Microsoft.DataFactory/factories/datasets",
            "apiVersion": "2018-06-01",
            "properties": {
                "linkedServiceName": {
                    "referenceName": "AzureDataLakeStorage3",
                    "type": "LinkedServiceReference"
                },
                "annotations": [],
                "type": "Binary",
                "typeProperties": {
                    "location": {
                        "type": "AzureBlobFSLocation",
                        "fileName": "moviesDB2.csv",
                        "fileSystem": "adf"
                    }
                }
            },
            "dependsOn": []
        },
        {
            "name": "[concat(parameters('factoryName'), '/ServiceNowObject1')]",
            "type": "Microsoft.DataFactory/factories/datasets",
            "apiVersion": "2018-06-01",
            "properties": {
                "linkedServiceName": {
                    "referenceName": "ServiceNow1",
                    "type": "LinkedServiceReference"
                },
                "annotations": [],
                "type": "ServiceNowV2Object",
                "schema": [],
                "typeProperties": {
                    "tableName": "abc",
                    "valueType": "actual"
                }
            },
            "dependsOn": []
        },
        {
            "name": "[concat(parameters('factoryName'), '/SnowflakeTable1')]",
            "type": "Microsoft.DataFactory/factories/datasets",
            "apiVersion": "2018-06-01",
            "properties": {
                "linkedServiceName": {
                    "referenceName": "Snowflake1",
                    "type": "LinkedServiceReference"
                },
                "annotations": [],
                "type": "SnowflakeV2Table",
                "schema": [],
                "typeProperties": {}
            },
            "dependsOn": []
        },
        {
            "name": "[concat(parameters('factoryName'), '/OracleTable1')]",
            "type": "Microsoft.DataFactory/factories/datasets",
            "apiVersion": "2018-06-01",
            "properties": {
                "linkedServiceName": {
                    "referenceName": "Oracle1",
                    "type": "LinkedServiceReference"
                },
                "annotations": [],
                "type": "OracleTable",
                "schema": [],
                "typeProperties": {
                    "schema": "qweqw",
                    "table": "qwerf"
                }
            },
            "dependsOn": []
        }
    ]
}