{
    "$schema": "http://schema.management.azure.com/schemas/2015-01-01/deploymentTemplate.json#",
    "contentVersion": "1.0.0.0",
    "parameters": {
        "factoryName": {
            "type": "string",
            "metadata": "Data Factory name",
            "defaultValue": "ADF6528406"
        },
        "dataFactory_properties_globalParameters_linkserviceKV1_value": {
            "type": "string",
            "defaultValue": "https://storage24m64sugljolc.dfs.core.windows.net"
        },
        "dataFactory_properties_globalConfigurations_PipelineBillingEnabled": {
            "type": "string",
            "defaultValue": "true"
        },
        "dataFactory_location": {
            "type": "string",
            "defaultValue": "southeastasia"
        },
        "dataFactory_identity_type": {
            "type": "string",
            "defaultValue": "SystemAssigned,UserAssigned"
        },
        "dataFactory_identity_userAssignedIdentities": {
            "type": "object",
            "defaultValue": {
                "/subscriptions/b09a5171-0177-4af1-b767-30ac9d3faeb2/resourcegroups/ADF_RG_01/providers/Microsoft.ManagedIdentity/userAssignedIdentities/UAMI_6528406_01": {
                    "clientId": "a2683f72-dbc3-4fd8-8eea-a17fcf28e491",
                    "principalId": "0c532fdb-76cc-4bb8-ae19-80cd5c3bed41"
                }
            }
        }
    },
    "variables": {
        "factoryId": "[concat('Microsoft.DataFactory/factories/', parameters('factoryName'))]"
    },
    "resources": [
        {
            "name": "[parameters('factoryName')]",
            "type": "Microsoft.DataFactory/factories",
            "apiVersion": "2018-06-01",
            "properties": {
                "globalParameters": {
                    "linkserviceKV1": {
                        "type": "string",
                        "value": "[parameters('dataFactory_properties_globalParameters_linkserviceKV1_value')]"
                    }
                },
                "globalConfigurations": {
                    "PipelineBillingEnabled": "[parameters('dataFactory_properties_globalConfigurations_PipelineBillingEnabled')]"
                }
            },
            "dependsOn": [],
            "location": "[parameters('dataFactory_location')]",
            "identity": {
                "type": "[parameters('dataFactory_identity_type')]",
                "principalId": "cf37f1e1-8e6a-408b-9972-3d4318e96623",
                "tenantId": "16b3c013-d300-468d-ac64-7eda0820b6d3",
                "userAssignedIdentities": "[parameters('dataFactory_identity_userAssignedIdentities')]"
            }
        }
    ]
}