{
    "$schema": "https://schema.management.azure.com/schemas/2015-01-01/deploymentParameters.json#",
    "contentVersion": "1.0.0.0",
    "parameters": {
        "factoryName": {
            "value": "ADF6528406"
        },
        "dataFactory_properties_globalParameters_linkserviceKV1_value": {
            "value": "https://storage24m64sugljolc.dfs.core.windows.net"
        },
        "dataFactory_properties_globalConfigurations_PipelineBillingEnabled": {
            "value": "true"
        },
        "dataFactory_location": {
            "value": "southeastasia"
        },
        "dataFactory_identity_type": {
            "value": "SystemAssigned,UserAssigned"
        },
        "dataFactory_identity_userAssignedIdentities": {
            "value": {
                "/subscriptions/b09a5171-0177-4af1-b767-30ac9d3faeb2/resourcegroups/ADF_RG_01/providers/Microsoft.ManagedIdentity/userAssignedIdentities/UAMI_6528406_01": {
                    "clientId": "a2683f72-dbc3-4fd8-8eea-a17fcf28e491",
                    "principalId": "0c532fdb-76cc-4bb8-ae19-80cd5c3bed41"
                }
            }
        }
    }
}